MONTH REPORTED,ABORTION/ILLEGAL,ARSON,ASSAULT WITH DEADLY WEAPON ON POLICE OFFICER,"ASSAULT WITH DEADLY WEAPON, AGGRAVATED ASSAULT",ATTEMPTED ROBBERY,BATTERY - SIMPLE ASSAULT,BATTERY ON A FIREFIGHTER,BATTERY POLICE (SIMPLE),BATTERY WITH SEXUAL CONTACT,"BEASTIALITY, CRIME AGAINST NATURE SEXUAL ASSLT WITH ANIM",BIGAMY,BIKE - ATTEMPTED STOLEN,BIKE - STOLEN,BLOCKING DOOR INDUCTION CENTER,BOAT - STOLEN,BOMB SCARE,BRANDISH WEAPON,BRIBERY,"BUNCO, ATTEMPT","BUNCO, GRAND THEFT","BUNCO, PETTY THEFT",BURGLARY,BURGLARY FROM VEHICLE,"BURGLARY FROM VEHICLE, ATTEMPTED","BURGLARY, ATTEMPTED",CHILD ABANDONMENT,CHILD ABUSE (PHYSICAL) - AGGRAVATED ASSAULT,CHILD ABUSE (PHYSICAL) - SIMPLE ASSAULT,CHILD ANNOYING (17YRS & UNDER),CHILD NEGLECT (SEE 300 W.I.C.),CHILD PORNOGRAPHY,CHILD STEALING,CONSPIRACY,CONTEMPT OF COURT,CONTRIBUTING,COUNTERFEIT,"CREDIT CARDS, FRAUD USE ($950 & UNDER","CREDIT CARDS, FRAUD USE ($950.01 & OVER)",CRIMINAL HOMICIDE,CRIMINAL THREATS - NO WEAPON DISPLAYED,CRM AGNST CHLD (13 OR UNDER) (14-15 & SUSP 10 YRS OLDER),CRUELTY TO ANIMALS,"DEFRAUDING INNKEEPER/THEFT OF SERVICES, $950 & UNDER","DEFRAUDING INNKEEPER/THEFT OF SERVICES, OVER $950.01",DISCHARGE FIREARMS/SHOTS FIRED,DISHONEST EMPLOYEE - GRAND THEFT,DISHONEST EMPLOYEE - PETTY THEFT,DISHONEST EMPLOYEE ATTEMPTED THEFT,DISRUPT SCHOOL,DISTURBING THE PEACE,DOCUMENT FORGERY / STOLEN FELONY,DOCUMENT WORTHLESS ($200 & UNDER),DOCUMENT WORTHLESS ($200.01 & OVER),DRIVING WITHOUT OWNER CONSENT (DWOC),"DRUGS, TO A MINOR",DRUNK ROLL,DRUNK ROLL - ATTEMPT,"EMBEZZLEMENT, GRAND THEFT ($950.01 & OVER)","EMBEZZLEMENT, PETTY THEFT ($950 & UNDER)",EXTORTION,FAILURE TO DISPERSE,FAILURE TO YIELD,FALSE IMPRISONMENT,FALSE POLICE REPORT,FIREARMS RESTRAINING ORDER (FIREARMS RO),FIREARMS TEMPORARY RESTRAINING ORDER (TEMP FIREARMS RO),GRAND THEFT / AUTO REPAIR,GRAND THEFT / INSURANCE FRAUD,HUMAN TRAFFICKING - COMMERCIAL SEX ACTS,HUMAN TRAFFICKING - INVOLUNTARY SERVITUDE,ILLEGAL DUMPING,INCEST (SEXUAL ACTS BETWEEN BLOOD RELATIVES),INCITING A RIOT,INDECENT EXPOSURE,INTIMATE PARTNER - AGGRAVATED ASSAULT,INTIMATE PARTNER - SIMPLE ASSAULT,KIDNAPPING,KIDNAPPING - GRAND ATTEMPT,"LETTERS, LEWD  -  TELEPHONE CALLS, LEWD",LEWD CONDUCT,LEWD/LASCIVIOUS ACTS WITH CHILD,LYNCHING,LYNCHING - ATTEMPTED,"MANSLAUGHTER, NEGLIGENT",ORAL COPULATION,OTHER ASSAULT,OTHER MISCELLANEOUS CRIME,PANDERING,PEEPING TOM,PETTY THEFT - AUTO REPAIR,PICKPOCKET,"PICKPOCKET, ATTEMPT",PIMPING,PROWLER,PURSE SNATCHING,PURSE SNATCHING - ATTEMPT,"RAPE, ATTEMPTED","RAPE, FORCIBLE",RECKLESS DRIVING,"REPLICA FIREARMS(SALE,DISPLAY,MANUFACTURE OR DISTRIBUTE)",RESISTING ARREST,ROBBERY,SEX OFFENDER REGISTRANT OUT OF COMPLIANCE,"SEX,UNLAWFUL(INC MUTUAL CONSENT, PENETRATION W/ FRGN OBJ",SEXUAL PENETRATION W/FOREIGN OBJECT,SHOPLIFTING - ATTEMPT,SHOPLIFTING - PETTY THEFT ($950 & UNDER),SHOPLIFTING-GRAND THEFT ($950.01 & OVER),SHOTS FIRED AT INHABITED DWELLING,"SHOTS FIRED AT MOVING VEHICLE, TRAIN OR AIRCRAFT",SODOMY/SEXUAL CONTACT B/W PENIS OF ONE PERS TO ANUS OTH,STALKING,TELEPHONE PROPERTY - DAMAGE,THEFT FROM MOTOR VEHICLE - ATTEMPT,THEFT FROM MOTOR VEHICLE - GRAND ($950.01 AND OVER),THEFT FROM MOTOR VEHICLE - PETTY ($950 & UNDER),THEFT FROM PERSON - ATTEMPT,THEFT OF IDENTITY,THEFT PLAIN - ATTEMPT,THEFT PLAIN - PETTY ($950 & UNDER),"THEFT-GRAND ($950.01 & OVER)EXCPT,GUNS,FOWL,LIVESTK,PROD","THEFT, COIN MACHINE - ATTEMPT","THEFT, COIN MACHINE - GRAND ($950.01 & OVER)","THEFT, COIN MACHINE - PETTY ($950 & UNDER)","THEFT, PERSON",THREATENING PHONE CALLS/LETTERS,THROWING OBJECT AT MOVING VEHICLE,TILL TAP - ATTEMPT,TILL TAP - GRAND THEFT ($950.01 & OVER),TILL TAP - PETTY ($950 & UNDER),TRAIN WRECKING,TRESPASSING,UNAUTHORIZED COMPUTER ACCESS,"VANDALISM - FELONY ($400 & OVER, ALL CHURCH VANDALISMS)",VANDALISM - MISDEAMEANOR ($399 OR UNDER),VEHICLE - ATTEMPT STOLEN,"VEHICLE - MOTORIZED SCOOTERS, BICYCLES, AND WHEELCHAIRS",VEHICLE - STOLEN,VIOLATION OF COURT ORDER,VIOLATION OF RESTRAINING ORDER,VIOLATION OF TEMPORARY RESTRAINING ORDER,WEAPONS POSSESSION/BOMBING
2010-01-01,0,30,8,684,127,1591,1,31,73,0,0,0,13,0,2,10,62,0,4,14,2,1278,1567,26,105,2,24,64,29,51,0,8,0,0,9,13,1,2,21,486,39,11,16,1,40,3,0,0,0,31,123,0,0,6,1,0,0,7,1,14,0,0,9,2,0,0,0,3,0,0,5,0,0,22,9,851,13,7,154,1,0,0,1,0,7,4,230,0,11,0,1,0,2,10,17,0,12,49,3,0,16,850,0,9,9,3,252,57,25,0,9,12,0,5,232,482,2,490,10,851,699,1,1,4,70,26,6,0,0,1,0,116,3,723,778,35,0,1398,205,110,2,1
2010-02-01,0,26,12,615,112,1459,0,40,61,1,0,0,10,0,0,10,60,0,4,11,3,1143,1483,25,98,0,19,92,49,55,0,14,0,0,4,15,1,5,16,483,51,16,11,1,29,0,2,0,2,39,125,0,0,1,0,1,0,20,3,17,0,1,5,1,0,0,0,4,0,0,4,0,0,22,18,787,15,5,172,7,0,0,0,0,3,7,229,2,3,0,1,0,2,8,13,2,7,49,1,0,15,765,0,15,4,0,249,44,17,0,8,18,0,10,233,509,5,746,7,748,699,0,1,0,90,42,15,0,1,0,0,113,3,739,791,27,0,1297,184,102,2,2
2010-03-01,0,20,10,680,111,1741,1,44,77,0,0,0,21,0,6,16,65,0,3,15,2,1261,1577,33,120,0,32,108,49,91,0,8,0,2,3,17,1,14,35,619,68,17,19,0,30,0,0,0,0,39,188,0,1,3,0,0,0,45,1,14,0,1,5,1,0,0,0,1,0,0,8,0,0,36,18,925,30,7,234,6,0,0,0,0,10,7,267,2,4,0,4,0,3,11,12,0,9,46,1,0,18,776,1,30,7,2,262,40,25,2,11,25,3,8,267,585,3,861,13,886,871,0,0,0,105,33,33,0,0,1,0,121,9,939,903,20,0,1508,228,133,9,2
2010-04-01,0,23,13,705,123,1696,1,34,85,0,0,0,13,0,0,16,60,0,1,13,1,1278,1585,33,111,1,25,126,61,67,0,7,1,1,2,15,0,14,27,553,63,25,12,3,42,0,0,0,0,34,183,0,1,3,0,0,0,45,1,27,0,1,7,0,0,0,0,1,0,0,2,0,0,37,18,822,22,8,239,4,0,1,0,0,5,8,240,3,7,0,4,1,3,7,24,1,12,61,0,0,19,810,0,37,10,1,238,32,30,4,4,10,0,2,272,494,2,876,8,883,841,0,0,0,75,38,13,0,1,0,0,118,3,873,822,23,0,1471,214,100,7,3
2010-05-01,0,23,8,774,111,1858,0,39,74,1,0,0,11,0,1,17,57,1,0,17,3,1311,1486,25,128,0,28,103,53,79,0,9,1,4,1,6,0,20,33,559,60,14,18,1,32,0,0,0,0,39,168,0,1,1,0,0,0,57,1,16,0,0,7,3,0,0,0,3,0,0,9,0,0,23,21,960,28,8,209,15,0,0,0,0,11,6,267,3,6,1,1,0,3,9,21,2,10,62,2,0,28,809,0,40,5,0,266,23,22,1,7,14,1,9,286,513,3,861,11,953,893,0,0,0,67,44,6,0,0,1,0,121,6,832,844,37,0,1331,243,113,7,2
2010-06-01,0,35,17,764,130,1829,2,69,92,0,0,0,11,0,3,10,66,2,3,22,3,1279,1358,31,132,3,25,113,60,78,0,6,2,2,1,5,1,14,26,599,73,18,16,4,27,1,0,0,0,38,174,0,0,5,0,0,0,45,1,20,0,1,13,1,0,0,0,1,0,0,2,0,0,31,18,959,24,10,207,16,0,0,0,0,12,11,235,1,13,1,1,0,2,9,12,3,14,62,2,0,16,780,0,19,12,0,234,29,20,2,6,9,0,5,247,553,7,887,9,934,834,0,1,0,107,45,21,0,0,1,0,126,9,897,862,26,0,1308,214,121,6,5
2010-07-01,0,24,25,768,109,1795,2,36,94,0,0,0,10,0,6,12,57,2,0,20,8,1320,1474,22,106,1,12,57,44,74,0,14,0,1,1,6,0,9,29,596,70,22,16,3,26,0,0,0,0,33,202,0,0,4,0,0,0,60,0,19,0,1,10,1,0,0,1,2,0,0,3,0,0,26,22,935,18,9,246,12,0,1,0,1,9,6,210,0,13,0,3,0,2,9,16,1,15,65,1,0,24,839,1,38,10,1,260,41,26,0,2,21,0,6,307,495,3,948,17,1009,920,0,0,0,85,32,17,1,0,0,0,118,4,838,849,34,0,1368,239,129,6,5
2010-08-01,0,34,10,713,125,1761,1,31,93,0,0,0,22,0,5,16,81,1,2,12,3,1311,1377,32,107,0,21,53,34,74,0,16,0,1,0,7,0,6,21,532,76,14,17,1,29,2,0,0,0,40,199,1,0,1,0,0,0,51,5,8,0,2,7,2,0,0,0,2,0,0,2,0,0,26,23,847,22,5,251,15,0,0,0,0,12,12,247,4,13,0,0,0,3,14,14,1,10,75,0,0,23,798,6,43,9,0,248,31,20,2,11,10,0,7,235,546,6,973,11,920,936,0,0,0,78,29,14,0,0,0,0,107,8,887,844,29,0,1373,243,128,1,4
2010-09-01,0,30,12,679,106,1660,1,28,84,0,1,0,13,0,5,12,76,0,2,18,8,1261,1328,35,116,6,24,69,48,70,0,9,1,0,2,14,1,3,18,542,61,21,17,1,17,2,1,0,0,31,203,1,3,8,0,0,0,30,2,15,0,1,5,2,0,0,0,0,0,0,7,0,0,25,18,873,25,7,220,16,0,0,0,0,6,7,222,4,6,0,3,0,10,11,15,0,17,79,2,0,25,776,5,37,7,0,265,35,28,2,10,17,1,4,235,507,1,842,15,879,886,0,0,1,94,35,18,0,0,0,0,122,6,847,783,19,0,1281,235,112,3,2
2010-10-01,0,30,18,659,93,1800,3,39,72,0,0,0,13,0,3,9,56,1,2,22,8,1392,1410,34,108,1,36,96,52,86,0,8,0,0,2,12,1,8,21,547,69,21,12,0,24,0,0,0,0,34,193,0,1,7,0,2,0,57,1,11,0,1,4,3,0,0,0,1,0,0,2,0,0,22,21,856,23,5,214,15,0,0,0,0,10,8,237,0,6,0,2,0,0,9,22,0,9,65,7,0,35,810,4,45,9,0,255,42,19,2,10,17,0,14,253,526,5,822,15,933,1085,0,0,2,86,28,15,1,0,0,0,117,8,783,823,38,0,1368,179,111,8,1
2010-11-01,0,25,9,621,110,1558,1,38,72,0,0,0,12,0,1,7,62,0,2,24,9,1396,1309,21,123,0,21,79,28,80,0,14,0,0,1,7,0,8,26,506,60,18,10,0,21,0,0,0,1,22,178,0,0,3,0,0,1,49,3,10,0,0,7,0,0,0,0,0,0,0,5,0,2,19,19,770,20,8,174,14,0,0,0,0,14,6,196,0,8,0,0,0,2,8,15,0,8,72,5,0,14,732,4,35,3,2,260,38,20,3,5,16,0,6,235,487,3,884,16,893,892,0,0,0,82,31,12,0,0,0,0,99,6,788,765,31,0,1322,209,121,5,1
2010-12-01,0,30,10,639,100,1584,0,30,68,0,0,0,10,0,0,9,46,0,3,20,9,1508,1575,24,129,0,15,65,37,58,0,7,1,0,1,11,1,11,22,506,57,12,24,1,22,0,10,0,1,24,197,0,1,5,0,0,0,70,4,11,0,0,13,1,0,0,0,0,0,0,6,0,0,16,16,761,26,8,178,5,0,0,0,0,9,5,207,0,9,0,3,0,3,11,13,1,8,64,1,0,10,771,5,29,9,2,273,56,28,3,9,20,1,6,264,530,2,911,19,923,926,0,0,0,60,27,17,0,0,0,0,112,10,744,772,25,0,1434,175,114,4,0
2011-01-01,0,19,24,657,117,1600,2,36,68,0,0,0,13,0,2,13,64,1,3,24,11,1337,1509,25,115,1,20,54,37,71,0,10,0,2,0,13,0,4,23,565,64,18,21,0,34,0,1,0,0,34,206,0,0,2,0,0,0,74,2,11,0,0,10,4,0,0,0,1,0,0,4,0,0,17,15,743,15,5,245,5,0,0,0,0,6,6,206,3,7,1,3,0,2,6,13,1,3,49,4,0,22,775,8,28,10,1,312,26,28,5,9,10,0,7,266,585,1,1022,13,1093,697,0,0,0,75,43,12,0,0,0,0,113,10,807,865,23,0,1378,200,107,7,1
2011-02-01,0,24,9,497,103,1445,1,41,63,0,0,0,14,0,1,5,59,1,3,19,12,1111,1388,23,91,0,20,63,45,66,0,10,0,1,0,11,0,8,22,488,54,19,13,2,17,0,0,0,0,24,185,0,1,1,0,0,0,63,7,10,0,1,10,1,0,0,1,0,0,0,5,0,0,26,16,750,18,5,188,10,0,0,2,0,7,8,201,0,4,0,2,0,1,4,7,0,5,61,4,0,29,564,6,33,11,1,273,19,13,1,4,13,1,8,172,482,1,852,14,1045,546,0,0,1,69,36,7,0,1,0,0,95,11,649,747,12,0,1047,166,89,4,3
2011-03-01,0,26,17,683,99,1747,2,59,89,0,1,0,18,0,5,12,71,1,3,20,8,1285,1363,29,103,1,19,89,59,104,0,7,1,1,4,3,1,5,18,621,100,15,11,2,22,0,4,0,0,39,199,0,0,2,0,0,0,70,4,12,0,0,10,6,0,0,0,0,0,0,1,0,0,26,21,816,23,15,225,8,0,1,0,0,9,11,228,2,5,1,1,0,4,13,12,1,12,58,1,0,33,749,16,57,16,1,295,9,22,1,6,19,1,9,172,559,2,1112,17,1199,644,0,0,1,95,29,10,0,0,0,0,129,11,715,899,28,0,1227,196,106,2,0
2011-04-01,0,33,25,657,93,1673,0,25,82,0,0,1,13,0,1,8,57,1,4,26,11,1346,1166,26,130,1,23,78,50,70,0,7,1,3,4,5,0,12,28,569,80,31,17,2,33,0,0,0,1,30,181,0,1,2,0,0,0,58,5,13,0,1,15,1,0,0,0,0,0,0,3,0,0,23,20,888,20,9,241,9,0,0,0,0,7,5,208,1,8,1,2,0,1,5,15,1,8,58,5,0,32,734,6,24,8,0,269,11,27,0,7,16,1,7,156,524,2,991,12,1142,606,0,0,2,98,42,13,0,0,1,0,113,6,641,863,32,0,1229,236,128,4,3
2011-05-01,0,26,10,762,103,1776,1,42,103,0,0,0,13,0,3,7,74,0,1,21,11,1305,1367,31,116,1,20,74,52,65,0,12,1,0,1,6,0,10,32,552,91,17,22,2,29,0,0,0,0,32,184,0,0,1,0,0,0,45,6,13,0,1,6,1,0,0,1,0,0,0,2,0,0,30,23,874,12,7,211,6,0,0,0,0,10,5,205,1,12,0,6,0,2,5,11,1,8,61,0,0,41,745,8,50,10,1,257,22,32,0,14,26,1,11,197,570,3,975,11,1248,626,0,0,0,96,46,17,0,0,0,0,118,9,727,935,28,0,1366,198,118,2,1
2011-06-01,0,27,24,696,99,1668,1,29,78,1,0,0,16,0,2,7,50,1,4,29,10,1302,1326,27,111,0,15,89,33,67,0,11,1,1,2,11,3,6,25,514,87,19,16,3,33,1,0,0,1,23,188,0,0,3,0,1,0,51,3,14,0,0,3,5,0,0,0,24,0,0,6,0,0,28,17,831,23,10,209,9,0,0,0,0,10,11,204,5,5,0,3,0,3,11,14,0,8,72,0,0,31,732,9,43,11,4,281,16,35,3,8,14,1,9,165,583,1,962,9,1301,664,1,2,1,110,51,12,0,0,0,0,121,5,801,848,26,0,1374,215,143,7,1
2011-07-01,0,25,14,709,106,1740,1,35,69,0,0,0,35,0,4,5,62,1,3,32,12,1326,1223,32,113,1,21,51,31,68,0,12,0,4,12,10,0,3,23,499,62,24,26,0,28,0,0,0,0,28,242,0,0,2,2,0,0,52,4,5,3,2,6,5,0,0,0,2,0,0,2,0,0,22,21,917,13,7,203,10,0,0,0,0,9,17,207,2,9,0,1,0,3,10,13,0,8,67,1,0,47,800,6,36,7,0,287,15,28,0,10,16,0,10,189,578,1,918,12,1263,612,0,1,0,123,36,10,0,0,1,0,119,12,746,953,30,0,1356,240,123,7,1
2011-08-01,0,25,14,699,132,1817,3,39,82,0,0,0,28,0,4,3,61,0,4,32,15,1348,1195,33,105,0,23,67,35,64,0,13,0,0,0,12,1,10,31,540,52,29,15,4,19,0,1,0,1,28,205,1,0,5,0,0,0,57,5,15,0,1,9,0,0,0,0,2,0,0,6,0,0,28,11,856,20,4,246,14,0,0,0,0,9,9,214,0,14,0,1,0,7,7,7,0,7,73,1,0,21,781,7,43,8,0,261,19,25,1,7,19,2,10,178,615,4,1067,14,1284,623,0,0,0,123,38,5,0,0,0,0,131,12,823,971,24,0,1247,227,122,9,0
2011-09-01,0,21,23,682,99,1686,0,35,82,0,0,0,25,0,2,7,66,0,2,22,19,1305,1224,21,114,1,11,55,33,70,0,18,0,0,0,6,0,4,19,510,83,19,20,0,27,0,0,0,0,32,182,0,0,2,0,0,0,52,2,14,0,0,9,6,0,0,0,0,0,0,8,0,0,28,18,852,7,5,236,14,0,0,1,0,10,13,191,3,13,0,2,0,5,11,9,0,11,53,1,0,25,729,7,40,3,0,236,18,19,1,12,17,0,5,187,538,6,989,15,1227,637,0,0,2,132,34,10,0,0,0,0,121,8,702,767,16,0,1198,234,115,2,0
2011-10-01,0,25,18,662,110,1812,0,36,99,0,0,0,30,0,5,9,86,0,0,31,14,1403,1278,31,115,0,16,98,64,86,0,11,1,0,1,6,1,2,27,538,83,27,18,0,29,0,0,0,0,29,199,0,3,2,0,0,0,52,4,13,0,1,9,1,0,0,0,1,0,0,3,0,0,38,15,854,21,3,194,22,0,2,0,0,10,10,207,4,9,1,2,0,0,9,5,0,8,54,1,0,30,752,7,21,10,1,321,17,28,1,10,16,1,7,195,572,3,962,12,1233,627,0,1,3,112,38,8,0,1,0,0,127,11,672,808,40,0,1236,218,120,4,2
2011-11-01,0,23,12,608,104,1484,3,36,77,0,0,0,25,0,2,9,54,0,0,23,13,1357,1381,29,110,0,9,63,63,61,0,15,0,1,2,5,1,7,23,485,77,13,18,2,17,0,0,0,0,26,209,0,0,4,0,0,0,46,3,13,2,1,6,3,0,0,0,0,0,0,5,0,0,29,23,780,27,7,205,4,0,0,0,0,4,8,186,1,9,0,3,0,6,7,10,0,7,59,0,1,28,707,8,45,7,1,315,17,17,2,6,12,1,7,189,650,6,957,10,1249,597,0,0,5,108,26,12,0,0,0,0,96,9,779,934,26,0,1278,198,105,8,1
2011-12-01,0,39,12,592,104,1463,2,39,79,0,0,0,30,0,3,6,45,0,2,17,22,1472,1469,33,122,1,13,58,35,32,0,9,0,0,1,8,3,6,27,488,66,16,21,3,28,4,2,0,0,23,215,1,0,7,0,0,0,64,5,9,0,2,10,6,0,0,1,0,0,0,5,0,0,14,18,867,21,4,171,9,0,0,1,0,4,5,171,3,6,1,1,0,2,7,10,1,7,54,0,0,13,724,6,35,4,0,321,16,14,0,10,18,0,2,190,631,0,984,21,1291,580,0,0,1,107,54,12,0,0,1,0,104,13,687,768,29,0,1229,171,107,2,4
2012-01-01,0,68,20,607,108,1493,4,48,81,0,1,0,28,0,2,11,68,0,2,32,29,1457,1519,32,116,0,13,66,50,56,0,5,0,0,1,13,3,3,38,477,102,12,18,1,34,1,4,0,1,16,194,1,1,1,0,0,0,61,6,8,0,2,5,0,0,0,0,0,0,0,3,0,0,25,17,801,9,6,226,8,0,1,0,0,6,6,241,2,12,1,1,0,5,7,9,0,6,58,0,0,29,634,4,58,9,3,328,23,14,0,7,13,0,14,197,726,2,1089,12,1354,588,0,0,3,106,36,6,0,0,1,0,122,7,770,845,35,0,1297,190,113,4,2
2012-02-01,0,25,6,569,81,1403,1,27,97,0,0,0,43,0,1,13,57,1,3,35,11,1067,1277,28,103,0,15,77,94,79,0,6,0,1,1,8,0,5,19,488,86,8,15,0,25,0,1,0,0,26,194,0,0,0,0,0,0,62,6,7,0,2,7,4,0,0,1,0,0,0,3,0,0,37,24,759,16,7,214,10,0,3,0,0,10,8,228,4,10,0,1,0,6,10,8,0,10,60,3,0,24,533,8,44,8,0,283,21,17,1,8,18,0,7,147,584,1,1164,14,1164,578,0,0,2,89,34,9,0,0,0,0,138,11,675,767,24,0,1091,172,117,9,1
2012-03-01,0,18,10,614,105,1589,0,43,99,0,0,0,40,0,2,13,67,1,5,31,13,1264,1304,31,118,2,20,108,85,91,0,11,0,0,0,16,1,4,18,495,93,14,16,2,36,1,0,0,0,42,216,0,0,1,0,0,0,68,4,9,0,0,5,4,0,0,0,0,0,0,5,0,0,41,17,784,16,8,220,15,0,0,0,0,12,14,219,4,5,0,2,0,3,9,3,0,9,75,0,0,38,659,8,35,6,2,327,12,14,1,18,15,1,14,213,593,2,1314,13,1295,584,0,0,2,83,34,7,0,0,1,0,158,11,730,850,15,0,1109,203,114,7,0
2012-04-01,0,20,13,623,71,1578,2,40,92,0,1,0,42,0,1,5,62,1,3,22,15,1120,1357,17,98,1,20,73,65,65,0,13,1,1,7,6,1,10,24,532,91,19,26,1,28,0,1,0,1,35,213,0,1,6,0,0,0,52,2,8,0,1,6,9,0,0,0,0,0,0,6,0,0,27,26,835,28,13,196,13,0,1,0,0,9,9,193,1,4,0,2,0,2,8,4,0,7,76,0,0,44,638,12,38,8,1,317,9,16,0,12,11,0,9,182,610,6,1205,10,1275,558,0,0,1,109,27,13,0,0,0,0,140,4,724,860,31,0,1131,180,115,2,1
2012-05-01,0,26,9,641,101,1897,3,22,112,0,0,0,37,0,4,16,64,1,2,21,18,1258,1402,27,92,2,14,104,73,78,0,9,0,5,0,9,2,4,24,598,73,21,16,0,36,0,0,0,0,25,189,0,1,2,0,0,0,42,4,16,0,1,4,8,0,0,0,0,0,0,5,0,0,31,22,967,21,8,194,13,0,0,0,0,8,26,189,1,8,0,7,0,6,6,7,1,15,72,3,0,35,685,9,43,5,1,305,20,24,2,9,14,0,7,180,597,3,1144,11,1331,646,0,2,1,123,31,14,0,0,1,0,135,9,744,905,22,0,1281,193,126,8,2
2012-06-01,0,29,7,686,111,1712,4,41,78,0,0,0,32,0,0,5,64,0,3,38,23,1191,1386,22,91,1,17,66,55,70,0,8,1,1,3,12,0,4,27,525,92,12,19,1,39,1,0,0,0,27,245,0,0,6,0,0,0,69,5,9,0,1,8,7,0,0,0,0,0,0,5,0,0,25,11,885,22,7,201,23,0,2,1,0,10,8,196,3,10,0,1,0,10,7,3,0,17,59,2,0,21,679,9,43,6,0,299,15,19,1,6,17,0,8,172,630,0,1109,8,1352,641,0,0,2,125,22,12,0,0,1,0,134,9,760,807,28,0,1206,190,111,6,2
2012-07-01,0,23,18,655,85,1700,1,41,69,1,0,0,60,0,8,4,58,0,0,45,36,1207,1338,25,98,0,12,41,30,52,0,14,0,1,0,6,3,8,23,541,84,14,20,1,38,1,0,0,1,36,210,0,0,7,0,0,0,51,5,10,0,0,11,5,0,0,0,0,0,0,3,0,0,18,30,928,18,6,210,14,0,0,0,0,9,4,204,1,11,0,3,0,3,17,12,0,8,79,2,0,42,624,11,40,13,2,316,15,31,2,7,16,0,10,231,617,2,1133,15,1423,610,1,0,0,111,29,13,0,0,0,0,134,11,825,861,31,0,1290,181,151,8,0
2012-08-01,0,20,12,780,109,1833,1,46,83,0,0,0,72,0,1,7,66,0,1,40,34,1307,1278,28,103,0,13,83,49,80,0,16,0,1,1,8,1,2,29,560,102,13,18,1,41,1,0,0,0,28,254,0,0,7,0,0,0,60,3,17,1,0,7,1,0,0,0,0,0,0,5,0,0,33,28,968,21,6,218,4,0,1,0,0,10,11,180,7,11,0,7,0,5,10,10,0,10,60,1,0,32,710,12,47,11,2,300,9,20,3,4,25,0,6,212,636,1,1220,14,1380,610,0,0,1,122,41,10,0,0,0,0,141,9,828,830,28,0,1243,204,157,4,1
2012-09-01,0,26,6,661,106,1804,0,30,98,0,0,0,77,0,3,12,58,2,1,33,24,1230,1159,29,107,0,18,89,57,77,0,10,1,2,1,5,0,0,21,518,71,17,19,0,26,1,0,0,1,35,212,0,0,0,0,0,0,43,4,8,0,0,14,0,0,0,0,0,0,0,4,0,0,26,26,951,22,6,203,5,0,3,0,0,8,7,181,5,13,0,6,0,5,9,7,1,14,80,1,0,34,709,10,43,11,2,283,9,21,2,7,16,0,10,194,624,3,1041,14,1399,608,0,0,0,131,25,19,0,0,1,0,142,6,783,820,33,0,1150,191,128,7,2
2012-10-01,0,21,14,616,100,1810,3,36,83,0,0,0,79,0,4,6,78,0,4,40,21,1293,1263,25,108,0,14,92,65,69,0,10,0,0,0,6,0,9,25,560,100,15,27,4,35,0,0,0,0,31,212,0,0,4,0,0,0,52,5,14,1,1,7,10,0,0,0,0,0,0,4,0,0,34,21,821,27,4,222,16,0,0,0,0,11,11,199,3,15,0,2,0,5,13,10,0,9,77,0,0,33,692,7,32,8,0,334,6,18,3,11,9,0,3,209,698,2,1238,15,1500,624,0,0,0,133,31,11,0,0,1,0,126,6,776,773,24,0,1346,186,135,8,2
2012-11-01,0,27,3,520,79,1515,2,22,60,0,0,0,72,0,1,9,62,1,1,29,14,1302,1202,36,115,1,17,64,45,66,0,12,2,0,3,7,2,7,27,431,70,5,21,3,25,0,0,0,0,26,195,1,0,3,0,0,0,74,7,7,0,1,4,3,0,0,0,0,0,0,7,0,0,24,18,791,18,10,183,10,0,0,0,0,13,12,156,0,8,0,4,0,10,6,13,0,6,57,2,0,34,633,3,34,6,2,318,17,16,3,9,16,0,12,191,660,2,1081,14,1262,548,0,1,0,125,26,9,0,0,1,0,127,8,671,705,36,0,1266,162,142,3,1
2012-12-01,0,16,7,556,76,1455,1,18,62,0,0,0,41,0,3,7,47,0,1,25,17,1402,1382,21,121,0,9,62,39,56,0,13,0,0,4,7,1,7,23,428,57,7,27,4,44,1,0,0,0,39,198,1,1,6,0,0,0,61,7,7,0,1,8,0,0,0,0,0,0,0,4,0,0,23,17,777,13,8,158,5,0,0,0,0,11,6,140,3,7,0,3,0,3,6,10,0,12,68,1,0,31,646,5,38,9,2,345,25,27,0,6,21,0,7,211,619,2,1108,6,1354,536,0,0,3,101,26,13,0,0,1,0,114,10,726,738,23,0,1280,151,113,3,0
2013-01-01,0,36,10,546,74,1456,0,30,63,1,0,0,70,0,1,7,51,0,3,29,22,1388,1357,30,136,1,15,62,62,53,0,11,0,0,0,8,0,8,22,474,84,6,20,0,28,0,1,0,0,29,202,0,1,1,0,0,0,66,8,11,0,2,7,1,0,0,0,0,0,0,1,0,0,31,28,744,12,4,196,7,0,2,0,0,10,8,184,1,1,0,0,0,5,9,5,0,6,47,1,0,34,542,14,37,5,1,321,17,26,0,7,15,1,15,230,718,3,1187,9,1316,604,0,0,4,111,30,17,0,0,0,0,114,5,715,774,19,0,1252,161,128,4,1
2013-02-01,1,35,4,513,75,1342,1,33,68,1,0,1,42,0,0,6,37,0,2,40,16,1101,1197,15,78,0,12,66,43,46,0,5,0,1,2,5,0,5,19,384,79,9,25,0,21,1,1,0,0,25,164,0,0,4,1,0,0,55,5,6,0,3,8,3,0,0,0,0,0,0,1,0,0,26,30,645,15,2,175,9,0,0,0,0,9,10,155,1,7,0,4,0,5,9,3,0,6,65,2,0,23,484,6,43,12,0,260,18,13,0,5,12,1,3,187,513,3,1141,7,1072,487,1,0,2,118,25,5,0,0,1,0,117,7,640,671,25,0,1231,151,112,6,1
2013-03-01,1,26,2,595,95,1635,2,36,79,0,0,0,56,0,0,6,61,0,1,41,29,1191,1391,16,99,1,7,71,51,45,0,7,0,0,2,7,2,4,24,506,79,9,20,2,27,2,1,0,2,36,251,0,0,7,0,0,0,57,3,7,0,2,6,6,0,0,0,0,0,0,4,0,0,31,31,863,18,7,177,7,0,0,0,0,6,7,187,3,9,1,4,0,7,5,7,1,5,58,2,0,38,584,11,41,7,0,279,16,15,0,7,21,0,5,231,648,3,1237,26,1222,527,0,0,2,100,28,11,0,0,0,0,145,4,715,796,27,0,1156,183,124,6,1
2013-04-01,0,21,9,551,69,1628,1,21,98,1,1,0,66,0,1,15,55,1,2,27,26,1162,1323,23,91,1,13,83,55,38,0,6,1,1,0,4,2,5,19,463,90,11,14,0,27,0,2,0,1,24,183,0,0,6,0,1,0,82,10,9,0,2,7,6,0,0,0,0,0,0,4,0,0,33,30,807,28,9,191,15,0,1,0,0,6,11,156,1,9,0,7,0,1,8,4,0,12,63,1,0,28,560,17,45,11,3,311,7,28,0,13,24,0,3,228,620,2,1214,20,1236,527,1,0,3,95,28,8,0,0,0,0,130,8,754,728,26,0,1019,149,135,10,1
2013-05-01,0,18,19,661,83,1731,0,35,89,0,0,0,80,0,2,10,72,0,3,33,16,1246,1289,27,119,1,16,83,75,44,0,8,0,3,4,4,2,7,16,550,95,16,19,1,35,0,1,0,2,31,197,0,1,1,1,0,0,62,5,14,0,1,9,4,0,0,0,0,0,0,4,0,0,32,37,818,20,10,184,10,0,0,0,0,11,15,191,3,8,0,4,0,3,14,9,0,7,67,1,0,34,623,4,45,15,0,320,11,20,1,11,24,1,5,211,607,4,1168,21,1379,609,0,1,0,115,19,12,0,0,1,0,150,8,794,773,23,0,1024,188,150,9,1
2013-06-01,0,27,7,628,84,1627,1,27,73,1,0,0,68,0,4,7,70,0,2,30,34,1195,1223,21,84,0,8,67,28,60,0,6,0,0,0,5,1,11,34,495,69,10,14,3,29,0,1,0,0,25,212,0,1,5,0,2,0,43,3,8,0,0,8,6,0,0,0,0,0,0,2,0,0,19,37,901,22,3,153,8,0,0,0,0,10,6,161,2,5,1,2,0,1,14,7,0,2,62,1,0,17,549,3,28,6,1,256,17,29,1,6,18,0,4,193,576,2,1136,12,1424,575,1,0,0,130,15,7,0,0,0,0,144,11,726,772,17,0,1163,182,179,12,1
2013-07-01,0,30,31,664,84,1707,1,29,60,1,0,0,70,0,4,7,61,0,3,36,32,1250,1313,21,97,2,8,42,38,34,0,9,0,0,1,7,1,8,34,476,85,9,16,2,27,1,0,0,0,34,212,0,0,4,0,0,0,65,4,10,3,1,5,1,0,0,0,0,0,0,4,0,4,23,42,921,17,6,179,8,0,0,0,0,13,15,137,2,14,0,1,0,6,5,11,0,10,62,1,0,29,630,11,32,10,1,285,9,13,0,10,14,0,5,239,626,1,1135,16,1448,563,0,0,1,146,22,12,0,0,0,0,155,7,801,792,22,0,1203,172,169,13,1
2013-08-01,1,21,16,665,106,1765,1,21,77,0,0,0,77,0,3,13,67,0,6,34,24,1265,1367,21,112,0,13,67,67,42,0,8,1,0,1,11,0,7,17,455,92,9,20,0,36,0,0,0,0,20,285,0,2,4,0,0,0,60,1,18,0,3,4,6,0,0,0,0,0,0,2,0,0,26,38,899,11,6,168,12,0,0,1,0,6,4,168,1,11,1,6,0,5,9,4,0,10,58,1,0,32,636,15,40,12,0,314,21,21,0,8,23,1,7,237,711,1,1199,21,1403,613,0,0,1,162,32,8,0,0,1,0,141,10,867,788,34,0,1254,195,156,6,1
2013-09-01,0,31,7,582,84,1626,0,32,68,0,0,0,61,0,3,7,51,0,2,27,31,1139,1326,22,120,0,13,69,54,45,0,9,0,1,3,9,1,2,23,455,88,17,17,3,29,0,1,0,4,22,244,0,9,3,0,1,0,56,6,9,0,0,7,3,0,0,0,0,0,0,2,0,0,32,34,840,18,7,193,4,0,1,0,0,11,4,168,2,9,0,9,1,4,4,5,2,6,66,0,0,31,594,9,35,10,1,292,10,22,3,10,25,0,8,231,623,5,1051,12,1425,594,0,0,0,122,19,6,0,0,2,0,143,14,748,811,25,0,1211,162,157,9,0
2013-10-01,0,24,5,559,71,1594,1,35,100,0,1,0,80,0,1,9,64,2,2,37,34,1222,1295,33,93,0,11,81,53,44,0,10,0,0,4,6,1,7,12,485,87,11,22,2,18,0,0,0,1,28,259,0,3,6,0,0,0,75,4,7,0,0,6,1,0,0,0,0,0,0,4,0,0,19,25,813,13,10,149,9,0,0,0,0,16,3,192,3,3,0,2,0,2,3,8,0,5,66,0,0,36,607,13,43,14,0,308,11,19,1,6,9,0,11,222,712,0,1041,20,1423,654,0,0,3,121,27,10,0,0,0,0,193,7,717,698,24,0,1256,153,154,5,2
2013-11-01,0,33,18,536,73,1385,6,18,97,1,0,0,81,0,1,9,66,0,2,35,26,1153,1169,19,102,0,11,70,48,41,0,15,0,1,4,23,0,0,15,460,60,6,21,4,24,2,1,0,1,24,207,0,0,3,0,0,0,57,8,5,0,0,4,3,0,0,1,0,0,0,2,0,0,14,32,768,19,6,165,7,0,2,1,0,9,3,168,2,13,0,2,1,8,8,12,1,7,78,1,1,18,530,5,28,7,2,318,11,15,0,8,11,0,8,186,625,1,960,21,1370,547,0,0,2,98,26,7,0,0,1,0,126,4,783,708,18,0,1105,143,157,7,2
2013-12-01,0,17,4,505,81,1438,2,35,66,0,0,0,55,0,5,14,62,0,3,50,30,1163,1274,20,93,0,5,60,38,35,0,8,1,3,1,10,1,1,15,410,72,4,23,2,17,2,0,0,0,19,216,0,5,1,0,0,0,77,3,3,0,1,9,5,0,0,1,0,0,0,1,0,0,11,22,806,7,8,128,7,0,0,0,0,11,12,161,0,7,0,0,0,2,9,13,0,9,57,3,0,21,547,7,33,9,1,372,19,17,0,6,8,0,7,170,692,0,1031,15,1315,569,0,0,0,109,20,5,0,0,1,0,122,6,693,763,26,0,1149,123,132,5,0
2014-01-01,0,27,9,522,75,1308,3,34,73,1,2,0,72,0,5,3,63,0,2,40,35,1162,1195,19,91,0,14,62,47,40,0,9,0,1,1,12,0,3,15,444,59,11,17,2,29,2,1,0,0,23,228,0,5,4,0,0,0,98,3,9,0,1,7,4,0,0,0,0,0,0,5,0,0,18,45,771,17,5,148,5,0,0,0,0,15,4,175,2,6,1,5,0,4,12,11,0,10,60,1,0,16,551,6,26,12,1,413,24,17,2,5,16,0,8,228,713,3,1056,16,1314,574,0,0,2,114,14,6,0,0,1,0,132,9,744,787,31,0,1101,159,164,11,0
2014-02-01,0,19,12,521,63,1279,1,29,91,0,0,0,60,0,1,6,57,0,2,42,29,866,1012,15,67,1,11,59,36,49,0,3,0,1,3,11,0,4,14,401,63,14,12,3,18,1,0,0,0,27,204,0,6,4,1,0,0,69,6,8,0,5,5,4,0,0,0,0,0,0,2,0,0,11,55,717,11,5,165,7,0,0,0,0,10,14,168,2,9,0,3,0,8,4,9,0,6,64,1,0,23,431,5,40,3,1,345,9,15,1,8,12,2,4,198,517,1,1031,24,1242,487,0,0,0,83,20,11,0,0,0,0,119,6,667,641,15,0,1020,138,133,11,3
2014-03-01,0,22,14,582,79,1589,2,30,89,0,0,0,83,0,2,9,86,0,2,58,31,958,1030,15,94,1,16,90,48,48,0,11,0,0,0,7,2,4,28,451,93,16,23,2,36,0,0,0,0,29,185,0,5,0,0,0,0,69,7,11,0,0,11,6,0,0,0,0,0,0,2,0,0,30,59,907,18,6,141,12,0,0,0,0,11,12,193,2,10,0,2,0,4,7,11,0,8,82,0,0,35,510,5,37,22,4,378,14,12,0,9,13,0,9,242,587,1,1180,24,1334,505,0,0,0,107,27,8,0,0,2,0,135,9,792,778,12,0,1009,156,176,10,1
2014-04-01,0,25,14,633,72,1600,0,36,69,1,0,0,98,0,5,7,69,0,6,44,25,1057,1070,14,94,1,8,62,50,45,0,7,0,0,1,7,1,8,28,449,73,11,15,1,37,0,1,0,0,26,200,0,10,1,0,0,0,70,7,11,0,0,5,1,0,0,0,1,0,0,5,0,0,23,50,818,12,10,134,7,0,0,0,0,12,10,181,0,12,0,6,0,11,7,8,1,6,62,3,0,36,514,8,42,9,0,314,18,24,1,10,6,0,8,279,599,0,1182,19,1259,593,0,0,0,95,21,13,0,0,0,0,113,11,745,774,29,0,1054,145,175,13,1
2014-05-01,0,25,14,683,81,1816,2,39,102,0,0,0,84,0,2,14,54,0,3,64,32,1175,1121,20,103,2,15,71,62,49,0,12,0,1,1,9,2,5,30,503,63,12,21,2,26,1,0,0,1,26,168,0,7,4,3,0,0,77,8,17,0,1,5,7,0,0,0,0,0,0,5,0,0,22,75,1014,13,10,166,7,0,0,0,0,15,11,192,2,11,0,1,0,5,9,7,0,10,81,1,0,33,562,8,56,21,0,355,19,17,1,10,16,1,9,220,636,4,1072,27,1398,563,0,0,0,103,21,13,0,0,1,0,130,3,826,801,24,0,1022,166,155,9,0
2014-06-01,0,23,18,809,76,1591,3,46,94,0,0,0,121,0,1,10,47,0,3,72,39,1097,1074,27,104,1,14,60,44,43,0,11,1,3,1,8,1,12,18,492,63,17,11,4,40,0,3,0,0,28,213,0,11,3,0,0,0,60,4,12,1,1,7,4,0,0,0,0,0,0,6,0,0,24,133,1002,19,2,174,10,0,1,0,0,20,8,137,0,7,1,3,0,5,10,9,0,12,88,0,0,28,605,10,40,16,2,347,22,22,1,9,28,0,14,252,605,2,1070,17,1244,510,0,0,2,94,12,10,0,0,0,0,138,11,898,781,20,0,1131,195,156,19,0
2014-07-01,0,28,9,801,105,1547,5,37,82,0,0,1,104,0,5,15,60,0,2,104,61,1325,1133,27,119,0,17,53,45,44,0,14,2,3,1,5,2,10,21,582,54,8,19,4,36,1,0,0,0,20,249,0,2,2,0,0,0,84,9,18,1,1,9,3,0,0,0,0,0,0,5,0,0,28,95,1193,12,4,180,5,0,1,0,0,15,16,185,4,11,0,6,0,6,8,6,0,12,94,3,0,45,627,12,34,29,2,373,33,20,1,23,16,0,6,261,646,2,1151,15,1369,571,0,0,0,108,26,14,0,0,1,0,137,18,852,840,22,0,1075,171,166,11,1
2014-08-01,0,25,17,794,81,1564,4,46,89,0,0,0,116,0,6,5,71,0,4,88,64,1292,989,26,103,1,16,65,38,55,0,10,0,1,1,5,3,8,19,527,65,12,29,1,29,1,0,1,0,21,189,0,2,2,1,0,0,78,4,19,0,0,6,5,0,0,1,0,0,0,6,0,0,22,113,1079,17,7,171,12,0,0,2,0,13,14,190,0,15,0,5,0,2,3,3,0,7,106,0,0,39,639,9,42,13,0,376,23,20,0,16,15,0,14,257,686,2,1090,22,1341,543,0,1,0,118,28,6,0,1,0,0,133,9,846,723,17,0,1072,204,182,3,1
2014-09-01,0,25,11,770,91,1599,6,45,93,0,0,0,108,0,8,9,71,0,5,77,58,1219,1111,22,87,1,14,88,42,44,0,11,0,1,1,5,0,4,21,522,70,9,16,1,39,0,0,0,0,36,198,0,5,1,0,0,0,71,6,10,2,2,6,5,0,0,0,0,0,0,5,0,0,29,114,1093,21,11,177,14,0,1,0,0,9,15,168,1,12,0,5,0,3,7,9,0,9,83,1,0,31,592,7,43,24,1,361,25,25,0,16,21,0,3,272,671,0,1128,15,1320,536,1,1,1,119,13,8,0,0,1,0,154,15,863,752,15,0,1139,211,181,7,1
2014-10-01,0,21,5,759,102,1631,4,38,107,1,0,0,102,0,1,2,60,0,4,81,49,1228,1091,24,97,0,8,67,65,47,0,9,0,0,0,4,0,8,20,563,65,13,25,4,28,0,1,0,1,26,188,0,5,1,0,0,0,89,5,14,0,0,8,6,0,0,0,0,0,0,3,0,0,34,96,1049,23,8,174,7,0,0,0,0,18,12,196,1,15,0,3,0,11,8,11,0,10,90,2,0,17,626,4,31,24,1,438,18,21,0,7,22,0,15,246,715,2,1079,20,1368,558,0,0,1,119,18,12,0,0,0,0,142,8,848,735,20,0,1315,234,174,9,5
2014-11-01,0,29,17,698,94,1477,5,37,85,0,0,0,104,0,0,5,53,1,3,76,44,1094,1045,21,95,0,6,62,44,40,0,10,1,4,2,3,0,6,18,430,51,9,11,2,23,0,1,0,0,28,159,0,0,1,0,0,0,58,8,6,1,1,12,2,0,0,0,0,0,0,5,0,0,24,87,988,18,4,145,7,0,0,0,0,8,13,148,0,7,0,3,0,3,9,7,0,7,84,1,1,28,649,2,35,11,0,417,32,21,1,12,18,0,5,241,622,1,917,11,1179,497,0,0,1,75,12,5,0,0,0,0,146,9,809,757,20,0,1343,197,143,7,3
2014-12-01,0,31,10,740,87,1418,3,39,104,0,0,0,95,0,0,6,57,0,1,68,72,1414,1238,26,113,0,8,62,28,40,0,13,1,0,2,3,3,7,28,447,70,5,23,1,26,2,2,0,0,24,179,0,1,4,0,0,0,73,5,14,0,1,19,2,0,0,2,0,0,0,4,0,0,21,93,964,18,3,164,9,0,2,1,0,20,7,156,4,13,0,4,0,3,6,10,0,8,65,0,0,36,634,2,42,10,1,469,41,31,1,7,19,0,10,291,789,3,960,13,1397,535,0,0,0,80,17,6,0,0,0,0,139,3,789,739,33,0,1402,211,166,7,1
2015-01-01,0,23,17,759,118,1354,7,35,75,1,0,0,98,0,4,11,72,0,5,67,67,1493,1261,19,150,0,6,51,43,25,0,10,0,8,1,9,6,3,21,450,51,11,25,1,32,11,3,0,1,30,211,2,8,5,2,0,0,85,3,9,1,3,4,4,0,0,0,1,0,0,6,0,0,30,166,935,21,8,178,9,0,1,0,0,15,40,155,4,9,0,11,0,15,9,12,1,7,89,0,1,19,639,5,37,13,1,502,46,23,4,14,16,0,13,292,831,2,1045,12,1291,538,0,1,6,111,25,17,0,0,3,0,168,9,943,727,30,0,1353,129,173,17,0
2015-02-01,0,23,13,682,84,1237,0,41,85,0,0,1,98,0,2,16,73,0,8,63,49,1218,1134,26,100,0,3,74,40,30,0,11,0,87,0,6,5,6,16,429,56,10,13,1,32,2,1,0,0,39,219,2,9,5,0,0,0,61,9,14,0,1,6,6,0,0,0,0,0,0,4,0,0,30,144,838,19,1,152,10,0,0,0,0,11,59,163,0,14,0,9,1,8,6,15,1,9,93,4,1,32,550,17,35,24,4,472,33,19,2,12,22,0,15,287,749,1,1209,9,1177,487,0,0,3,81,24,9,0,0,1,0,165,5,824,651,24,0,1133,135,137,17,2
2015-03-01,0,21,16,849,81,1479,7,54,101,0,0,0,128,0,1,7,98,2,5,59,44,1200,1223,27,137,1,8,88,51,26,0,10,1,96,1,7,3,7,16,424,59,11,20,1,36,3,1,2,1,32,217,0,6,2,0,4,0,56,5,24,0,4,1,6,0,0,0,0,0,0,3,0,0,39,191,1108,16,6,149,12,0,0,1,0,18,37,146,3,12,0,8,0,5,12,11,0,18,109,2,0,44,586,10,40,29,2,481,38,26,9,7,11,0,18,272,823,2,1425,12,1311,538,0,0,2,101,31,13,0,0,1,0,167,13,996,738,26,0,1242,135,130,19,2
2015-04-01,0,31,8,786,107,1421,1,51,92,1,0,1,119,0,3,12,111,0,10,65,46,1139,1057,28,94,0,14,78,52,39,0,8,0,105,2,7,8,5,27,451,67,9,23,2,36,1,1,0,0,23,180,0,11,4,0,1,0,52,7,19,0,2,11,10,0,0,0,0,0,0,4,0,1,28,159,999,14,7,156,8,0,1,0,0,25,24,145,1,10,0,5,1,1,6,15,1,9,97,4,0,18,588,4,41,25,3,493,36,24,0,18,22,0,17,325,761,3,1524,15,1326,563,0,4,5,102,19,9,0,0,1,0,159,13,916,658,30,0,1154,147,117,9,1
2015-05-01,0,28,25,836,103,1567,2,30,88,0,0,1,115,0,3,2,115,0,6,88,38,1258,1161,20,100,1,12,70,50,32,0,5,2,94,2,10,1,6,25,486,71,6,19,2,37,2,3,0,0,39,205,0,1,7,4,0,0,109,7,22,0,3,9,0,0,0,1,0,0,0,4,1,0,46,147,1028,18,4,144,9,0,2,0,0,21,36,177,4,10,2,10,0,4,9,7,1,9,96,4,0,20,646,15,49,22,1,501,28,14,3,15,24,0,15,340,754,3,1178,11,1284,585,0,0,4,115,18,15,0,0,3,0,175,11,1023,694,26,0,1238,148,147,14,1
2015-06-01,0,35,10,866,81,1508,7,28,72,0,0,2,129,0,1,9,111,0,5,78,55,1173,1114,24,99,1,15,60,31,35,0,7,2,100,2,5,2,2,24,469,43,7,23,1,29,4,1,0,0,28,222,3,5,4,1,1,0,68,5,24,0,4,7,3,0,0,0,0,0,0,5,1,0,33,169,1164,22,3,141,12,1,0,1,0,20,38,151,0,12,0,9,0,3,5,11,0,16,98,3,0,24,659,15,40,21,2,434,29,14,0,12,8,1,12,293,791,3,1263,15,1329,581,2,1,4,123,18,9,0,0,1,0,207,12,909,773,24,0,1138,133,157,23,3
2015-07-01,0,29,11,944,76,1588,8,37,98,0,0,1,171,0,0,6,118,0,8,73,47,1211,1194,22,81,1,6,54,44,41,0,16,0,91,1,10,1,3,23,469,56,5,28,4,34,1,1,0,0,40,195,0,9,10,1,1,0,72,6,30,0,3,8,3,0,0,0,0,0,0,6,0,0,33,185,1217,18,3,171,13,0,0,0,1,18,32,167,2,8,0,11,0,7,10,15,0,12,123,4,0,26,728,19,30,24,4,539,32,25,6,11,21,0,17,303,862,2,1227,8,1358,618,0,0,7,106,19,16,0,1,0,0,200,14,1027,759,32,0,1355,126,173,14,0
2015-08-01,0,33,21,976,98,1599,3,41,92,0,0,0,187,0,3,9,144,0,6,85,58,1153,1253,23,101,5,8,61,45,36,0,14,0,93,0,3,1,4,37,460,61,7,19,1,37,3,2,1,1,34,188,1,5,7,1,0,0,65,5,30,0,4,2,5,0,0,0,0,1,0,5,1,1,28,193,1129,18,13,164,18,0,0,0,0,18,41,191,1,13,0,13,0,9,13,13,0,10,94,2,2,24,774,23,32,34,4,495,40,25,8,22,17,0,18,296,899,1,1271,19,1375,633,0,0,5,124,31,13,0,0,2,0,199,17,1071,735,23,0,1475,152,140,11,3
2015-09-01,0,41,21,982,88,1582,4,34,104,2,1,0,180,0,3,5,130,1,9,83,58,1248,1120,32,120,1,11,92,38,41,0,10,0,94,0,3,2,7,30,435,73,9,14,1,29,1,1,2,0,24,223,1,7,9,1,0,0,74,6,37,0,2,16,2,0,0,0,0,0,0,13,0,0,39,206,1142,23,4,165,15,0,0,0,0,14,29,122,7,22,1,8,0,7,8,9,1,12,103,0,0,31,649,19,33,30,2,513,37,28,0,20,14,1,14,277,807,0,1142,13,1366,601,0,0,3,116,30,13,0,0,2,0,203,7,963,719,34,0,1318,121,159,16,1
2015-10-01,0,42,18,978,129,1630,8,42,90,0,0,0,211,0,4,11,151,0,9,75,37,1209,1151,25,99,3,8,88,43,38,1,11,1,82,1,7,4,7,23,475,55,11,30,2,26,4,3,0,0,36,192,0,7,3,0,1,0,88,8,35,0,5,14,4,0,0,0,0,0,0,3,1,0,25,207,1101,18,8,160,9,0,1,1,0,29,33,146,4,11,0,13,1,6,12,13,0,16,114,3,0,40,745,10,48,32,0,539,41,5,3,8,14,1,18,242,877,1,1260,15,1340,602,0,0,1,134,20,12,0,0,1,0,182,17,1044,723,30,0,1579,145,142,22,2
2015-11-01,0,27,9,739,80,1326,1,32,90,0,0,1,140,0,0,12,132,0,6,68,26,1171,1268,21,116,0,9,55,18,16,1,9,0,74,0,4,7,3,20,363,49,5,17,1,23,2,4,0,0,35,202,0,2,2,0,1,0,63,5,25,2,2,5,3,0,0,0,0,4,0,5,0,0,19,207,1017,9,8,131,9,0,0,0,0,10,26,124,1,8,1,12,0,11,5,7,0,13,97,3,1,21,663,12,41,25,3,487,39,21,1,9,10,0,18,301,824,0,1240,14,1289,486,0,1,1,99,14,17,0,1,1,0,190,15,929,647,42,0,1468,111,135,15,2
2015-12-01,0,22,12,822,84,1322,4,30,89,0,0,0,131,0,1,17,141,0,5,55,42,1362,1469,18,117,1,8,54,33,29,4,10,2,72,0,6,3,14,18,423,60,10,18,2,30,6,3,0,0,25,196,0,2,4,1,0,0,86,14,44,0,4,7,4,0,0,0,0,8,2,11,0,0,26,236,1026,4,5,153,11,1,0,0,0,14,23,139,8,10,0,14,0,3,7,14,2,8,74,5,0,21,626,6,30,24,3,511,48,14,2,10,15,2,11,331,834,3,1278,8,1304,536,0,0,4,100,22,15,0,2,0,0,188,9,892,662,26,0,1523,117,142,17,0
2016-01-01,0,33,16,777,120,1404,0,40,82,0,0,1,171,0,1,11,135,0,12,77,32,1305,1485,31,120,2,15,63,38,21,2,7,0,64,0,6,4,9,26,407,50,4,28,1,38,3,1,0,0,27,217,2,4,7,0,0,0,67,8,21,0,14,10,2,0,0,0,0,17,1,4,0,0,24,215,928,7,5,122,4,1,1,0,0,19,39,117,1,10,0,12,0,9,6,14,0,6,85,4,2,14,734,15,27,31,3,592,47,20,7,14,18,0,19,339,895,3,1317,12,1129,561,1,0,3,120,20,5,0,0,2,0,191,8,1020,760,47,0,1714,145,161,20,0
2016-02-01,0,29,8,874,78,1495,8,44,101,1,0,1,158,0,1,3,147,0,11,92,37,1106,1206,22,99,0,9,73,54,26,1,6,0,76,0,7,9,10,22,392,69,10,21,3,30,0,1,0,0,20,209,1,5,3,1,0,0,67,5,39,0,10,6,4,0,0,0,0,2,1,4,0,0,23,213,938,17,2,125,8,2,2,0,0,20,35,157,2,15,0,6,1,4,4,12,0,12,92,5,0,15,674,18,35,23,1,550,43,19,1,23,17,0,11,298,841,2,1308,5,1124,503,0,0,3,121,31,16,0,0,0,0,197,12,982,646,25,0,1323,121,144,24,0
2016-03-01,0,40,8,903,99,1445,0,35,98,0,0,0,176,0,1,4,170,0,6,97,42,1195,1322,22,105,1,10,76,40,32,5,10,0,82,4,9,6,19,24,453,74,14,14,1,48,5,2,0,2,25,247,1,4,4,0,0,0,68,2,31,0,4,5,3,0,0,0,5,2,4,3,1,0,34,209,1008,11,2,137,10,1,0,0,0,22,32,115,2,8,0,12,1,3,4,6,0,9,118,1,2,27,711,26,33,25,3,526,50,43,3,17,14,0,13,300,847,2,1356,9,1189,540,1,1,2,109,35,13,0,0,0,0,199,12,1081,724,47,0,1378,153,134,18,2
2016-04-01,0,42,29,969,92,1537,6,41,96,0,0,1,174,0,0,9,165,0,9,107,59,1197,1311,25,112,0,14,104,58,36,3,4,0,68,1,7,3,11,22,410,73,8,12,1,36,2,1,0,0,39,235,3,10,5,1,0,0,66,10,28,0,12,4,1,0,0,0,0,11,3,5,0,0,46,200,1035,11,6,150,21,5,1,0,0,27,36,146,2,13,0,15,0,4,6,5,2,8,124,1,1,31,716,21,40,39,2,562,39,25,2,15,19,1,14,289,869,2,1197,12,1250,494,0,2,4,152,41,21,0,0,0,0,203,17,1009,737,30,0,1383,151,167,19,0
2016-05-01,0,33,9,910,100,1586,3,43,88,0,0,1,181,0,3,7,164,0,7,75,53,1213,1434,33,111,2,13,129,47,33,3,6,0,71,1,7,5,4,13,430,86,9,20,3,29,4,0,0,0,33,220,0,3,8,6,0,0,73,11,24,0,9,5,3,0,0,0,0,7,4,2,0,0,44,220,1081,13,3,166,16,3,0,1,0,21,30,153,2,6,0,15,1,12,2,12,0,9,98,5,0,44,783,18,46,39,4,576,41,26,4,8,18,0,11,293,872,0,1074,11,1318,503,1,1,4,146,29,19,0,0,0,0,211,14,1108,777,39,0,1522,157,169,24,1
2016-06-01,0,26,13,972,130,1528,2,41,85,0,0,0,150,1,2,5,189,0,14,113,61,1120,1418,25,89,1,10,79,33,38,3,12,0,63,2,11,1,11,29,493,78,10,19,4,37,3,1,0,1,32,268,3,7,5,1,2,0,78,4,29,0,6,5,4,0,0,0,0,8,0,1,0,0,29,223,1093,18,9,160,22,1,0,1,0,19,30,140,2,14,0,15,0,7,9,7,1,16,88,2,1,29,714,13,24,32,6,492,38,30,2,17,9,1,19,249,856,4,1150,13,1322,557,1,1,4,156,34,14,0,0,2,0,226,19,1140,742,41,0,1492,127,182,29,0
2016-07-01,0,38,19,950,100,1638,3,38,89,0,0,2,185,0,0,5,202,0,18,107,61,1263,1395,22,96,1,12,71,31,29,1,11,0,71,2,8,7,21,24,465,47,9,13,2,32,2,1,0,0,33,230,5,5,8,3,0,0,50,8,31,0,8,10,1,0,0,0,0,4,6,5,0,0,29,217,1078,16,6,140,16,6,0,1,0,20,40,157,2,12,0,11,1,5,5,14,0,10,97,1,0,26,826,20,28,42,3,539,41,20,1,8,18,0,15,271,856,5,1117,9,1320,552,0,1,4,141,19,19,0,0,0,0,217,12,1123,785,33,0,1492,175,199,20,4
2016-08-01,0,34,22,932,91,1511,5,41,105,0,1,0,236,0,7,3,180,0,5,146,53,1241,1401,17,109,2,10,68,30,23,5,18,1,82,1,5,1,18,30,463,60,7,24,3,37,2,2,0,0,28,256,2,5,4,1,0,0,77,6,36,0,10,14,1,0,0,0,0,17,3,3,2,0,36,206,1117,10,9,142,17,2,0,0,1,23,29,150,2,8,0,13,2,5,5,10,1,9,117,6,1,34,773,23,36,32,6,596,55,16,3,18,19,0,17,315,963,4,1270,21,1300,644,0,1,2,148,28,17,0,0,1,0,246,16,1092,739,36,0,1582,153,193,16,2
2016-09-01,0,42,8,888,104,1474,6,44,109,0,0,1,253,0,1,1,196,0,9,110,68,1156,1313,30,106,1,13,86,48,28,1,9,1,51,2,3,6,20,29,429,76,6,19,4,29,0,3,0,0,45,209,0,5,4,0,0,0,59,5,16,0,2,9,3,0,0,0,2,11,1,3,0,0,35,190,1021,22,5,180,8,6,0,0,0,20,46,129,2,9,1,11,0,3,5,10,1,15,115,3,0,29,721,16,37,29,1,504,43,27,3,18,18,0,12,260,915,1,1085,10,1276,575,0,0,3,120,26,14,0,0,1,0,223,21,1060,702,34,0,1465,145,191,17,1
2016-10-01,0,30,17,932,123,1528,0,40,87,0,0,0,244,1,5,11,199,0,14,95,59,1223,1524,20,92,0,9,78,40,20,5,15,0,60,1,5,5,11,38,444,63,13,18,1,38,5,2,0,0,40,227,0,6,4,0,0,0,68,6,26,0,4,6,5,0,0,0,0,4,2,1,1,0,29,202,1087,19,7,138,14,4,0,0,0,23,51,160,1,10,0,12,0,3,5,4,0,12,113,1,0,35,820,29,42,26,3,596,40,25,5,19,11,1,14,304,919,3,1082,19,1228,570,1,0,3,137,24,12,0,0,1,0,215,18,1134,788,44,0,1696,167,213,21,2
2016-11-01,0,29,19,871,84,1369,2,35,93,0,0,3,242,0,0,11,150,0,7,87,59,1219,1387,23,94,0,10,75,32,20,8,14,1,59,1,8,4,4,17,373,47,6,13,1,37,1,2,0,0,30,192,1,2,6,0,0,0,67,8,24,0,5,6,3,0,0,0,0,9,2,6,0,0,26,202,990,13,5,136,9,5,0,1,0,20,32,124,1,8,0,10,0,4,5,8,1,8,101,4,0,30,774,20,33,30,3,501,53,26,6,12,10,0,17,272,904,2,1034,16,1088,552,0,0,4,109,22,9,0,0,1,0,201,11,1039,694,30,0,1661,157,184,27,1
2016-12-01,0,38,19,818,106,1425,4,35,95,0,0,1,158,0,0,7,150,0,12,107,62,1320,1582,16,115,0,8,60,23,28,2,13,1,65,0,5,3,8,20,439,43,7,20,3,34,4,4,0,1,22,188,0,3,7,0,0,0,87,6,24,0,5,5,3,0,0,0,1,9,0,4,0,0,28,180,1030,20,5,126,6,2,0,0,0,21,27,146,3,7,0,10,0,3,8,18,0,10,81,4,0,28,849,18,36,36,2,531,55,26,3,13,9,0,15,313,910,2,1051,16,1270,564,0,0,3,103,16,13,0,2,0,0,189,13,1023,712,25,0,1645,154,146,15,2
2017-01-01,0,27,7,812,108,1354,0,46,88,0,0,0,184,0,4,5,198,1,13,98,52,1373,1686,33,121,0,20,65,17,25,4,8,0,68,0,9,5,10,33,401,44,4,11,1,39,1,3,1,0,19,198,0,8,5,0,0,0,88,4,23,0,3,10,3,0,0,0,1,11,5,3,0,0,20,202,955,19,3,150,5,3,0,0,0,16,26,133,1,11,0,11,0,5,5,17,1,6,105,4,0,21,785,12,33,33,4,562,60,19,5,17,15,0,17,280,950,1,1151,14,1237,569,1,0,6,130,19,14,0,0,3,0,228,23,1055,761,36,0,1782,130,173,20,0
2017-02-01,0,22,7,706,81,1326,5,32,99,0,0,1,146,0,1,15,175,0,12,91,67,1190,1496,26,111,0,12,77,27,23,3,3,3,52,4,2,3,5,13,386,64,9,18,2,22,1,1,0,0,27,188,1,4,4,0,0,0,62,5,21,0,10,7,1,0,0,0,0,9,0,3,0,0,22,171,903,14,4,166,3,4,0,0,0,18,41,120,0,12,0,13,0,3,10,11,1,6,99,0,0,34,689,22,38,25,3,476,49,24,0,15,14,0,8,259,870,5,1102,11,1102,506,0,2,2,105,25,13,0,0,0,0,204,15,970,687,33,0,1469,133,169,9,2
2017-03-01,0,35,24,912,106,1603,5,37,129,0,0,0,189,0,2,13,216,1,12,108,70,1278,1485,38,126,1,11,70,55,28,9,6,2,65,2,4,5,8,20,463,63,4,18,2,41,2,2,0,0,23,216,0,0,4,0,1,0,75,5,29,0,6,8,2,0,0,0,0,12,3,5,0,0,23,225,994,13,8,132,15,6,0,0,0,26,40,155,2,21,0,23,0,2,7,16,0,8,111,4,0,31,701,24,45,34,0,478,46,30,3,17,15,1,18,273,899,2,1310,11,1231,606,0,1,2,159,18,21,0,0,1,0,241,26,1095,742,46,0,1575,159,208,28,2
2017-04-01,0,40,13,851,137,1485,4,51,96,0,0,3,190,0,0,13,201,0,8,102,94,1157,1528,30,123,1,12,95,33,30,6,7,0,69,0,8,5,5,32,423,87,7,13,1,37,1,0,0,0,42,222,0,5,7,1,1,0,50,3,33,0,7,7,4,0,0,0,0,14,1,7,0,0,31,248,983,20,6,157,11,10,0,0,0,27,42,156,2,10,0,10,1,3,8,14,0,13,109,4,1,30,724,26,46,40,2,446,47,28,3,13,16,0,12,289,837,4,1175,17,1163,506,2,0,4,154,28,19,0,0,1,0,205,15,1040,733,25,0,1525,142,164,17,1
2017-05-01,0,34,14,942,111,1540,4,48,128,0,0,1,198,1,3,20,218,0,13,119,63,1268,1418,26,121,0,17,94,52,35,10,10,3,54,2,3,5,4,22,460,94,10,19,2,35,5,1,0,1,28,202,0,4,3,1,1,0,46,4,47,0,7,9,2,0,0,0,0,5,3,4,0,0,53,259,1118,17,8,161,14,6,2,0,0,24,58,160,7,11,0,7,0,2,7,14,1,8,126,5,0,21,851,25,47,30,5,519,41,17,9,23,16,1,14,294,919,5,1159,17,1236,534,0,0,2,149,34,15,0,0,1,0,253,17,1073,702,26,0,1586,126,202,15,2
2017-06-01,0,35,36,995,118,1660,1,54,100,0,0,0,219,0,1,19,228,0,12,107,79,1241,1321,16,119,0,8,60,25,24,1,7,0,69,2,7,5,3,22,430,64,6,21,6,32,2,2,0,0,38,225,0,4,7,1,3,0,50,4,29,0,14,10,4,0,0,1,1,6,6,9,0,0,49,219,1122,20,1,145,12,6,0,2,0,27,66,143,2,9,1,10,0,2,2,9,1,11,110,2,0,24,749,23,51,37,3,485,44,9,5,16,13,0,11,281,862,2,1067,14,1183,556,0,0,0,160,26,26,0,0,2,0,241,14,1095,734,14,0,1489,156,216,35,0
2017-07-01,0,38,14,1071,114,1779,6,60,121,0,0,0,199,0,5,15,240,0,6,100,86,1270,1443,14,129,1,8,60,24,26,4,6,2,70,0,4,5,6,17,453,51,5,17,5,21,3,1,0,1,41,168,0,6,10,0,1,0,78,6,34,0,9,19,4,0,0,0,1,10,2,4,0,0,29,259,1202,23,5,164,13,5,1,0,0,20,70,169,4,7,0,35,2,1,4,12,0,11,105,2,1,25,910,18,33,31,5,505,34,32,4,15,8,1,6,269,895,2,1015,19,1244,533,0,0,2,176,25,19,0,0,1,0,248,18,1143,742,26,0,1576,156,229,27,5
2017-08-01,0,40,12,969,115,1678,2,50,109,1,0,1,204,0,6,15,238,0,9,131,121,1253,1477,20,114,1,5,57,23,31,3,11,0,56,4,0,0,5,22,433,53,6,15,3,25,4,1,0,0,40,219,4,4,8,0,0,0,69,9,26,0,9,11,6,0,0,0,2,7,3,4,0,0,42,220,1190,24,4,158,11,6,0,0,0,16,54,182,4,9,0,14,0,6,8,7,0,9,102,1,0,42,840,13,36,41,5,495,53,22,2,19,17,0,14,313,937,6,1122,20,1272,640,0,2,4,173,23,26,0,0,3,1,221,20,1132,816,26,0,1553,175,211,21,0
2017-09-01,0,28,13,864,110,1791,6,47,105,0,0,1,219,0,3,19,192,0,8,98,51,1315,1455,31,110,0,11,93,32,31,5,8,0,64,1,1,3,3,24,447,66,6,21,4,36,3,1,0,0,29,165,1,3,11,0,0,0,89,1,48,0,7,5,4,1,0,0,0,7,1,5,0,0,44,234,1100,14,4,171,14,7,1,0,1,13,61,185,4,15,0,18,0,2,7,8,0,18,105,2,1,35,800,17,52,37,1,441,38,19,1,17,13,1,8,268,881,3,1032,18,1243,577,0,0,3,176,26,23,0,0,1,0,253,17,1064,732,33,0,1439,155,202,18,0
2017-10-01,1,39,10,1010,112,1775,3,48,115,0,0,0,239,0,3,14,256,0,7,111,62,1320,1672,30,113,1,15,118,42,20,5,6,0,81,3,6,4,3,28,476,61,8,14,4,39,2,1,0,0,28,172,2,4,5,1,1,0,61,3,45,0,8,11,5,0,0,0,0,9,2,3,0,0,35,254,1065,12,7,167,12,7,0,0,0,21,65,152,4,18,0,22,2,2,9,7,0,13,114,3,0,22,894,22,34,38,6,495,50,19,5,16,17,0,12,309,943,1,991,15,1309,587,0,2,7,157,25,17,1,0,2,0,235,24,1146,752,33,0,1612,168,220,22,0
2017-11-01,0,26,23,926,122,1574,6,34,112,0,0,0,209,0,2,13,208,0,7,132,64,1331,1501,24,91,1,14,84,37,27,1,6,0,73,2,8,2,9,25,444,56,5,11,6,32,3,1,0,2,31,135,1,3,3,0,0,0,80,2,29,0,8,10,2,0,0,0,0,10,1,4,0,2,40,265,1008,17,4,137,12,6,0,0,0,19,68,120,3,16,0,14,0,0,8,9,1,8,120,1,0,22,792,16,31,32,3,479,58,15,12,19,14,0,12,351,827,3,995,13,1272,573,1,1,3,184,22,19,0,0,4,0,244,26,1091,744,28,0,1552,138,203,8,3
2017-12-01,0,37,17,918,96,1509,2,44,118,1,0,1,162,0,1,6,190,0,13,102,62,1283,1600,19,97,2,17,56,28,24,0,8,0,61,1,2,4,3,23,387,54,7,16,0,30,4,2,0,1,24,161,0,3,3,0,0,0,80,7,47,0,10,6,2,0,0,0,0,6,3,3,0,0,35,227,963,9,3,148,10,5,0,0,0,17,61,120,7,7,0,16,0,2,6,12,0,11,113,5,3,24,739,9,18,25,5,465,68,24,5,18,11,0,11,338,825,2,937,10,1282,611,0,0,1,164,20,17,0,1,5,0,211,19,1071,704,21,0,1594,149,173,17,3
2018-01-01,0,35,14,802,125,1558,4,52,132,1,0,0,169,0,0,5,208,0,10,109,62,1337,1537,23,103,1,11,79,31,36,7,6,1,58,0,5,1,4,23,430,66,7,14,5,40,3,1,1,0,44,190,0,4,2,0,0,0,85,5,40,0,4,8,4,0,0,0,0,7,1,3,0,1,26,239,1004,10,8,177,18,5,0,0,0,22,74,142,5,9,0,13,1,2,10,11,0,6,106,4,0,21,835,19,28,33,2,523,79,18,7,15,17,0,13,296,970,2,1096,17,1165,630,3,0,7,170,23,7,0,1,2,0,261,28,1081,737,27,0,1564,145,181,12,1
2018-02-01,1,32,13,699,95,1400,3,37,124,0,0,1,200,0,4,3,170,0,11,115,52,1149,1386,17,87,0,15,83,28,24,2,4,0,57,1,4,3,5,16,424,67,6,16,4,27,1,1,0,0,29,158,1,3,4,0,0,0,63,6,40,0,6,13,4,0,0,0,0,11,1,3,0,0,30,198,938,12,7,197,12,4,1,0,0,25,76,151,5,8,0,9,0,0,8,7,0,7,110,1,0,27,690,16,25,34,1,462,48,16,3,23,12,0,4,276,913,3,993,10,1078,570,0,0,1,148,24,17,0,0,0,1,245,14,894,647,41,0,1336,96,180,12,1
2018-03-01,0,23,3,886,115,1575,2,57,126,1,0,1,188,0,0,10,221,1,13,128,64,1204,1508,14,113,4,14,69,49,25,11,14,0,84,3,6,5,2,26,462,72,7,17,3,25,1,0,0,0,29,158,1,6,4,0,1,0,61,5,44,0,12,9,5,0,0,0,0,7,2,4,0,0,34,211,1001,9,3,191,13,3,0,0,0,21,93,168,4,7,1,15,0,1,9,9,0,5,105,15,1,15,691,16,31,37,2,477,78,12,1,20,14,0,12,339,873,3,1134,16,1213,672,0,1,1,134,21,19,0,1,0,0,243,15,1088,679,25,0,1479,154,198,18,1
2018-04-01,0,25,14,865,100,1683,2,41,101,0,0,0,217,0,2,17,192,0,12,107,80,1191,1502,13,88,1,12,105,44,26,7,3,1,74,2,10,2,2,16,494,74,3,24,1,35,1,1,0,0,45,146,2,4,4,0,0,0,86,3,36,1,7,7,6,1,0,0,0,12,2,1,0,0,30,230,1041,15,4,196,25,12,0,1,0,24,88,162,3,10,0,17,0,2,8,12,0,9,137,3,0,17,759,19,33,49,1,485,71,20,2,15,12,0,18,287,902,4,1056,14,1232,626,0,0,1,160,31,9,0,0,0,0,271,20,1057,723,32,0,1469,150,204,20,1
2018-05-01,0,45,17,930,116,1792,4,64,135,0,0,0,180,0,3,11,236,0,19,137,93,1291,1549,24,96,1,12,98,49,27,6,8,0,54,1,4,2,4,28,471,77,7,17,2,34,2,0,0,1,43,154,0,5,4,0,0,0,60,1,44,0,8,8,7,0,0,1,0,9,4,3,0,1,39,243,1084,8,5,206,19,4,0,1,0,25,86,151,7,11,0,14,0,2,10,7,2,7,110,2,0,39,746,19,38,42,2,509,74,23,1,19,10,0,11,393,910,4,1072,21,1282,645,1,2,2,179,26,21,0,0,0,0,292,7,1086,814,35,0,1537,149,205,16,3
2018-06-01,0,25,10,995,110,1703,4,66,108,0,0,1,185,0,5,12,290,0,9,114,83,1124,1511,21,79,2,19,65,30,23,3,9,0,58,1,2,6,5,23,483,64,12,15,3,31,4,1,0,0,40,136,0,5,5,1,0,0,70,9,35,0,7,7,1,0,0,0,0,18,0,5,0,0,35,234,1076,12,4,177,16,1,1,0,0,14,82,178,6,8,0,12,0,3,18,6,0,5,106,2,0,26,758,26,32,66,2,496,72,17,2,15,9,0,15,322,878,3,1012,10,1288,602,0,1,1,185,26,21,0,0,3,0,263,13,1037,750,39,0,1388,164,239,16,2
2018-07-01,0,38,17,1023,132,1719,2,50,108,0,0,1,213,0,2,13,260,0,10,143,68,1189,1523,25,92,1,16,74,30,34,2,8,0,57,0,3,9,8,22,443,64,6,22,1,29,1,0,0,0,26,126,0,4,5,0,1,0,73,6,44,0,11,28,6,0,0,0,1,7,2,3,0,0,31,305,1152,16,4,188,17,7,0,0,0,19,96,164,5,14,0,11,1,0,10,10,0,8,98,1,0,24,824,14,23,60,1,484,65,16,3,15,17,0,9,338,923,2,940,13,1316,651,0,0,4,180,25,26,0,0,2,0,262,17,1184,735,26,0,1433,155,235,15,3
2018-08-01,1,27,25,975,118,1650,5,56,127,0,0,0,215,0,0,10,269,0,13,164,86,1271,1474,14,102,0,10,98,33,30,7,7,0,44,1,2,7,15,16,455,51,5,10,1,31,2,1,0,1,33,143,0,5,3,0,0,0,86,8,33,0,11,14,4,0,0,0,1,6,1,2,0,1,46,256,1113,15,3,164,18,2,0,0,0,13,75,187,4,13,0,10,1,1,5,9,0,5,123,2,1,21,807,24,31,39,3,474,76,18,2,23,13,0,9,340,886,4,993,10,1370,667,0,0,1,182,15,16,0,0,2,0,293,26,1096,681,37,0,1354,184,223,16,2
2018-09-01,0,29,5,896,98,1626,6,72,108,1,0,0,241,0,3,11,270,0,8,131,82,1241,1415,35,91,0,7,103,30,18,6,7,1,54,0,6,4,3,16,415,54,8,17,5,29,0,1,0,0,34,117,3,5,4,0,1,0,51,7,23,1,8,12,1,0,0,0,1,14,1,6,0,0,42,218,1049,10,3,108,27,7,0,0,1,11,83,175,3,14,0,13,0,1,5,10,0,12,98,1,0,18,707,27,19,41,6,436,65,13,3,14,16,0,13,312,841,1,816,12,1345,671,0,1,1,138,17,17,0,0,1,0,281,11,991,664,30,0,1347,140,196,15,5
2018-10-01,0,31,12,935,117,1715,8,44,145,0,0,0,269,0,2,7,272,0,9,162,90,1302,1463,20,95,1,21,101,38,29,5,5,1,64,3,5,4,5,24,453,69,5,27,2,45,1,1,0,1,36,148,0,3,5,0,0,0,101,4,40,0,11,8,4,0,0,0,0,6,2,6,0,0,31,253,1083,11,6,160,14,4,0,0,0,22,103,155,6,11,1,21,0,4,8,9,0,8,108,1,0,16,713,28,39,51,1,463,73,16,2,21,18,0,10,329,873,4,895,12,1392,736,0,0,3,163,16,15,0,1,1,0,298,19,1176,695,23,0,1380,138,220,10,0
2018-11-01,0,27,7,895,110,1477,1,43,116,0,0,1,235,0,3,6,219,0,11,147,72,1233,1571,17,112,2,11,87,26,26,6,8,1,48,1,4,2,7,22,408,94,2,12,2,43,1,1,0,0,35,127,2,4,1,0,1,0,70,6,39,0,8,6,2,0,0,0,0,5,1,8,1,0,23,226,982,6,5,158,14,6,1,0,0,15,61,124,1,7,0,16,0,7,7,9,1,7,94,5,0,17,734,23,28,31,2,480,69,23,4,9,13,0,7,307,848,3,761,16,1308,636,1,0,0,211,11,12,0,0,1,0,272,17,1061,676,15,0,1422,113,219,17,0
2018-12-01,0,24,7,882,120,1529,7,56,89,0,0,0,162,0,1,70,235,0,18,142,83,1279,1631,16,105,1,7,71,16,22,4,4,1,42,0,7,2,4,26,385,48,4,18,3,34,2,3,0,0,28,124,1,4,2,0,0,0,66,5,23,0,11,8,3,0,0,0,0,20,1,4,0,0,23,257,958,19,5,141,10,5,0,0,0,13,72,141,6,10,0,13,0,1,5,4,0,5,98,0,0,22,720,20,15,32,4,511,68,18,3,15,11,0,8,336,896,2,801,12,1431,637,0,0,0,151,11,19,0,1,0,0,249,17,1088,681,39,0,1419,125,206,16,1
2019-01-01,0,28,9,805,111,1469,5,54,104,0,1,0,219,0,4,11,235,0,11,173,83,1322,1486,14,102,1,12,68,25,23,5,5,1,38,2,2,6,5,19,404,52,6,16,2,47,2,1,0,0,26,121,1,2,5,0,0,0,69,3,32,0,14,3,1,0,0,0,1,9,3,1,0,0,43,220,947,18,4,154,9,7,0,0,0,21,72,158,3,9,1,21,0,4,3,8,0,6,90,6,0,25,726,34,28,36,0,515,94,29,4,12,10,0,15,314,920,5,973,13,1332,654,1,1,1,167,16,13,0,1,2,0,279,18,1065,636,29,0,1414,114,187,10,0
2019-02-01,0,15,3,703,87,1327,3,45,110,0,0,1,185,0,2,1,224,0,11,140,77,1075,1329,5,86,2,7,76,34,20,5,6,0,35,3,9,4,2,15,344,70,4,13,2,30,0,0,0,0,22,115,0,1,1,0,3,0,76,6,32,0,10,9,3,0,1,1,0,9,1,7,0,0,22,201,851,10,1,140,14,6,0,0,0,18,71,125,4,8,0,18,0,1,10,3,0,3,92,5,0,29,634,24,30,35,6,473,80,10,2,15,13,0,7,308,743,1,782,15,1226,593,0,1,1,134,14,11,1,0,1,0,226,15,932,572,29,0,1240,121,173,18,0
2019-03-01,0,34,18,943,111,1648,4,56,109,1,1,0,193,0,0,5,213,0,8,168,101,1083,1360,17,89,0,9,100,36,31,2,3,0,32,1,8,4,5,27,461,77,5,16,4,43,1,2,0,1,40,141,2,1,2,0,0,0,53,3,33,0,11,8,6,0,0,0,2,7,3,3,0,0,33,231,1032,13,8,191,14,4,0,0,0,13,101,172,5,5,0,14,0,1,8,3,0,3,97,2,0,26,747,32,35,34,6,518,87,24,5,17,17,0,11,315,909,1,928,6,1279,639,0,0,0,152,25,17,0,0,0,0,269,19,1119,657,33,0,1326,149,250,19,1
2019-04-01,0,34,24,915,97,1487,2,59,108,0,0,1,194,0,3,10,234,0,4,183,88,1056,1434,17,93,2,16,89,30,16,8,5,1,43,1,8,4,8,23,465,87,9,23,0,40,3,2,0,0,36,140,2,1,2,6,0,0,61,3,35,0,11,5,0,0,0,0,0,12,1,3,0,0,32,257,945,12,4,188,25,7,0,1,0,23,79,147,3,15,0,23,1,2,6,9,2,13,91,2,0,42,667,22,39,25,5,482,88,18,7,11,14,0,13,276,815,4,827,14,1258,621,0,1,2,148,15,12,0,0,2,0,307,20,1122,647,32,0,1209,117,238,28,3
2019-05-01,0,41,11,902,100,1720,2,47,127,1,1,0,196,0,2,13,223,0,13,169,81,1105,1479,17,93,1,14,111,42,25,3,5,0,63,2,3,3,2,23,420,67,0,15,5,34,3,1,1,0,30,134,1,4,4,0,0,0,74,3,45,0,8,5,1,0,0,0,0,6,2,7,0,1,37,233,1051,16,11,180,10,11,0,0,0,24,84,157,6,6,1,15,1,1,5,6,0,11,108,4,1,19,718,28,27,49,3,522,90,27,8,14,9,0,3,279,836,0,822,11,1373,697,0,0,1,165,20,14,0,2,0,0,258,17,1102,649,26,0,1254,141,200,14,2
2019-06-01,1,35,10,1016,101,1720,2,67,103,0,0,1,205,0,0,5,239,0,16,151,90,975,1459,19,84,3,13,79,18,15,5,8,0,33,0,3,7,4,24,401,62,5,14,3,41,0,0,0,0,35,120,1,6,3,1,0,0,69,3,36,0,9,6,2,0,0,0,0,13,0,5,0,0,42,254,1076,17,3,150,17,5,0,0,0,25,108,139,10,8,0,15,0,1,6,5,0,9,117,2,0,28,700,28,22,42,3,464,86,27,0,16,11,0,7,295,815,3,831,13,1291,648,1,0,3,169,16,25,0,0,0,0,255,13,1058,650,20,0,1165,174,210,12,0
2019-07-01,0,43,15,1125,112,1659,2,45,91,0,0,1,204,0,1,10,284,1,18,165,106,1005,1352,20,96,1,13,92,41,27,5,12,0,36,0,5,6,10,28,469,54,4,20,2,34,1,1,0,0,38,103,0,5,5,0,1,0,84,6,31,0,13,5,3,0,0,0,0,10,3,6,1,0,31,278,1159,15,6,187,20,4,0,0,0,26,91,149,7,8,0,10,0,2,6,11,0,6,101,2,0,23,705,21,29,42,5,497,86,21,6,16,12,0,16,320,890,2,845,6,1358,692,0,1,1,175,14,24,0,0,0,0,294,17,1134,722,32,0,1240,175,255,20,3
2019-08-01,0,44,16,959,91,1739,5,52,114,0,0,0,213,0,3,14,277,1,9,164,93,1036,1390,25,78,0,12,116,25,30,4,14,0,48,2,5,8,6,20,479,45,4,9,1,37,0,4,1,1,32,145,1,7,3,0,0,0,97,3,33,0,15,9,1,0,0,0,1,13,4,5,0,0,26,282,1108,12,2,203,12,3,0,2,0,19,96,152,5,15,1,18,0,4,4,4,0,15,87,4,1,22,690,36,22,36,6,472,78,17,4,21,11,1,10,341,869,0,793,15,1285,727,0,0,8,129,13,25,0,0,0,0,288,14,1147,653,26,0,1284,153,242,17,1
2019-09-01,0,39,8,916,99,1649,2,55,120,0,0,0,222,0,3,10,250,0,17,179,76,985,1310,25,81,3,7,92,50,24,4,9,0,50,1,6,2,4,24,413,74,5,16,2,45,3,1,0,0,40,114,0,4,4,0,0,0,71,3,31,0,10,6,4,0,0,1,1,15,1,1,0,0,43,263,1066,10,3,193,13,2,0,0,0,20,104,176,9,9,0,17,0,3,12,8,0,10,91,1,5,25,689,27,27,37,6,417,57,17,5,14,16,0,12,341,819,2,814,10,1254,676,0,0,2,158,19,22,0,1,1,0,263,14,1092,643,24,4,1210,138,209,10,3
2019-10-01,0,36,7,879,96,1718,6,61,127,0,0,0,248,0,1,16,227,0,9,170,117,957,1309,7,77,0,18,101,29,29,7,10,0,47,0,6,4,4,21,404,76,4,12,0,22,1,2,0,2,37,119,0,3,4,1,1,0,95,8,35,0,10,5,3,0,0,0,0,14,1,10,1,0,30,249,1017,16,8,142,16,6,1,0,0,34,89,139,6,13,0,13,1,3,11,6,0,8,93,2,0,19,761,28,37,38,2,472,78,12,8,14,14,0,12,390,934,4,836,7,1236,717,0,1,4,130,20,18,0,0,0,0,230,22,1077,617,20,24,1291,113,229,12,3
2019-11-01,0,30,9,806,109,1421,2,37,87,0,0,0,182,0,3,5,241,0,5,143,81,1033,1356,18,77,0,21,87,37,22,4,7,0,36,0,7,2,5,16,405,75,5,11,0,36,0,0,0,1,26,133,1,1,3,0,0,0,64,6,30,0,11,4,4,0,0,0,0,10,0,3,0,0,25,226,923,11,3,164,12,1,1,0,0,15,82,119,4,9,0,15,0,3,9,7,0,6,82,6,0,21,665,18,32,33,1,429,93,16,4,18,9,0,10,364,871,5,711,12,1163,619,0,0,2,129,27,14,0,0,0,0,262,21,945,565,25,20,1314,134,189,9,0
2019-12-01,0,38,10,866,94,1429,2,36,71,0,0,1,168,0,1,5,255,0,10,123,82,1125,1486,18,85,2,13,74,22,17,3,8,0,26,1,5,7,2,17,391,54,0,17,1,35,1,2,0,0,29,100,0,2,3,0,1,0,81,3,32,0,13,10,3,0,0,1,0,15,0,3,0,0,32,241,982,15,6,149,12,0,0,0,0,25,80,120,2,8,0,24,0,6,6,6,1,9,77,2,0,17,748,17,30,29,4,473,76,18,9,10,8,1,19,362,902,0,766,10,1401,635,0,1,2,106,7,26,0,0,0,0,225,12,1065,602,27,9,1476,153,197,11,1
2020-01-01,0,1,0,32,1,54,0,0,26,0,0,0,36,0,0,1,4,0,4,46,16,197,125,1,5,0,2,13,11,2,1,9,1,3,0,0,1,1,0,28,46,0,2,1,4,0,0,0,0,1,51,0,1,0,0,0,0,67,4,4,0,0,2,1,0,0,0,0,3,1,0,0,0,3,12,48,0,0,50,2,5,0,0,0,13,2,18,1,1,0,1,0,0,1,1,0,1,46,1,0,1,17,17,13,16,0,10,11,3,0,13,3,0,0,45,122,0,471,0,217,152,1,0,0,5,2,0,0,0,0,0,6,5,99,39,1,4,135,21,7,1,0
2020-02-01,0,1,0,7,0,19,0,0,27,0,0,0,7,0,0,0,5,0,2,13,2,42,14,0,0,1,3,10,12,3,1,0,0,2,0,0,1,2,1,11,36,0,0,1,0,1,1,0,0,2,35,0,2,0,0,0,0,37,1,3,0,0,0,2,0,0,0,0,5,0,0,0,0,1,5,22,0,0,26,0,2,0,0,1,13,0,9,0,2,0,2,0,1,0,0,0,1,23,0,0,0,2,12,18,9,0,4,2,0,0,6,2,0,0,7,22,0,281,0,58,52,0,0,0,1,0,0,0,0,0,0,2,6,11,7,0,0,24,5,2,0,0
2020-03-01,0,0,0,5,0,9,0,0,11,0,0,0,1,0,0,0,2,0,0,9,1,23,7,0,0,0,3,12,2,1,2,1,0,0,0,0,1,0,1,6,28,0,0,0,0,1,0,0,0,0,17,0,0,0,0,0,0,16,1,1,0,0,0,0,0,0,0,0,0,0,0,0,0,0,9,16,0,0,15,1,0,0,0,0,6,0,11,0,0,0,0,0,0,0,0,0,3,22,0,0,0,3,7,12,14,0,1,1,0,0,7,0,0,0,2,14,0,159,0,26,28,0,0,0,1,2,0,0,0,0,0,0,2,6,4,0,0,16,1,1,1,0
2020-04-01,0,0,0,2,0,4,0,0,6,0,0,0,4,0,0,0,0,0,0,7,1,20,5,0,0,0,1,3,3,0,0,0,0,0,0,0,0,0,0,3,18,0,0,0,0,0,0,0,0,0,7,0,0,0,1,0,0,12,0,0,0,0,0,0,0,0,0,0,1,0,0,0,0,1,3,9,0,0,10,0,0,0,0,0,6,0,7,0,0,0,0,0,0,0,0,0,0,12,0,0,0,0,20,13,7,0,0,0,0,0,6,0,0,0,4,2,0,107,0,9,12,0,0,0,0,2,0,0,0,0,0,1,0,2,0,0,0,3,0,0,0,0
2020-05-01,0,0,0,3,0,4,0,0,8,0,0,0,2,0,1,0,0,0,0,2,1,11,3,0,0,0,1,8,7,0,2,0,0,0,0,0,0,0,0,2,18,0,0,0,0,0,0,0,0,0,3,0,1,0,0,0,0,5,0,0,0,0,0,0,0,0,0,0,0,0,0,0,0,0,2,4,0,0,13,2,0,0,0,0,4,2,8,1,0,0,0,0,0,0,0,0,1,16,0,0,0,0,9,7,6,0,0,0,0,0,3,0,0,0,1,5,0,101,0,18,17,0,0,0,0,0,0,0,0,0,0,0,0,5,3,0,0,5,0,0,0,0
2020-06-01,0,0,0,1,0,2,0,0,14,0,0,0,0,0,0,0,1,0,1,4,1,10,2,0,0,0,0,4,1,0,1,0,0,0,0,0,0,0,0,1,22,0,0,0,0,0,0,0,0,1,7,0,0,0,0,0,0,8,0,1,0,0,0,0,0,0,0,0,2,0,0,0,0,0,2,4,0,0,7,2,0,0,0,0,6,0,2,0,1,0,0,0,0,0,0,0,0,20,0,0,0,0,1,6,8,0,0,0,0,0,3,0,0,0,1,8,0,103,0,3,10,0,0,0,0,0,0,0,0,0,0,0,0,3,0,0,0,5,2,0,0,0
2020-07-01,0,0,0,1,0,6,0,0,18,1,0,0,1,0,0,0,0,0,0,3,0,8,3,0,0,0,3,4,7,0,0,0,0,0,0,0,0,0,0,1,28,1,0,0,0,0,0,0,0,0,3,0,0,0,0,0,0,4,0,1,0,0,0,1,0,0,0,0,0,0,0,0,0,1,2,6,1,0,13,0,0,0,0,0,3,0,1,0,0,0,0,0,0,0,0,0,0,23,0,0,0,2,7,11,12,0,0,0,0,0,2,1,0,0,0,5,0,123,0,9,23,0,0,0,0,0,0,0,0,0,0,0,2,2,1,0,0,5,0,0,1,0
2020-08-01,0,0,0,2,0,4,0,0,14,0,0,0,0,0,0,0,1,0,0,2,0,10,3,0,0,0,0,0,2,0,1,0,0,0,0,0,0,0,1,3,30,0,0,0,0,0,0,0,0,0,3,0,0,0,0,0,0,5,0,0,0,0,0,0,0,0,0,1,1,0,0,0,0,0,4,3,0,0,13,0,0,0,0,1,8,0,2,0,0,0,0,0,0,0,0,0,0,21,0,0,0,0,13,8,12,0,0,0,0,0,7,0,0,0,1,4,0,100,0,5,9,0,0,0,0,1,0,0,0,0,0,4,0,5,1,0,0,3,1,1,0,0
2020-09-01,0,0,0,1,0,2,0,0,8,0,0,0,1,0,0,0,0,0,0,5,0,9,1,0,1,0,2,1,4,1,1,0,0,0,1,0,0,0,0,3,28,0,0,0,0,0,0,0,0,0,14,0,0,0,0,0,0,4,0,1,0,0,0,2,0,0,0,0,0,0,0,0,0,1,3,4,0,0,12,0,3,0,0,0,5,0,1,0,0,0,1,0,0,0,0,0,0,17,0,0,0,0,9,9,9,0,0,0,0,0,7,0,0,0,1,0,0,111,0,4,10,0,0,0,0,0,0,0,0,0,0,0,0,2,0,0,0,5,0,0,0,0
2020-10-01,0,0,0,1,0,1,0,0,8,0,0,0,3,0,1,0,1,0,0,2,1,6,2,0,0,0,2,5,3,1,0,1,0,0,0,0,0,0,0,3,35,1,0,0,0,0,0,0,0,0,5,0,1,0,0,0,0,4,0,0,0,0,0,0,0,0,0,0,2,0,0,0,0,1,3,7,0,0,5,1,0,0,0,0,5,0,4,0,0,0,0,0,0,0,0,0,0,16,0,0,0,0,8,5,14,0,1,0,0,0,4,1,0,0,1,2,0,77,0,6,7,0,0,0,0,0,0,0,0,0,0,0,1,2,0,0,0,11,0,0,0,0
2020-11-01,0,0,0,0,0,4,0,0,7,0,0,0,0,0,0,0,0,0,0,3,0,11,0,0,0,0,0,2,6,1,1,1,0,0,0,0,0,0,0,1,24,0,0,0,0,0,0,0,0,0,2,0,0,0,0,0,0,2,0,0,0,0,0,0,0,0,0,0,2,2,0,0,0,0,0,6,0,0,3,0,3,0,0,0,4,0,4,0,0,0,0,0,0,0,0,0,0,14,0,0,0,0,5,7,10,0,0,0,0,0,4,0,0,0,1,2,0,75,0,2,3,0,0,0,0,1,0,0,0,0,0,0,0,2,2,0,0,3,1,1,0,0
2020-12-01,0,0,1,1,0,1,0,0,5,0,0,0,0,0,0,0,0,0,0,4,1,4,1,0,0,0,1,3,1,0,1,0,0,0,0,0,0,0,0,2,16,0,0,0,0,0,0,0,0,0,4,0,0,0,0,0,0,4,0,0,0,0,0,0,0,0,0,0,0,0,0,0,0,0,3,3,0,0,6,0,1,0,0,0,5,0,0,0,0,0,0,0,0,0,0,0,0,15,0,0,0,0,2,5,6,0,1,0,0,0,6,0,0,0,0,2,0,80,0,6,7,0,0,0,0,1,0,0,0,0,0,1,1,2,0,0,0,4,0,1,0,0
2021-01-01,0,0,0,1,0,3,0,0,4,0,0,0,0,0,0,0,0,0,0,2,2,5,0,0,0,0,1,2,3,0,0,0,0,0,0,0,0,0,0,0,23,1,0,0,0,0,0,0,0,0,1,0,0,0,0,0,0,1,0,1,0,0,0,0,0,0,0,0,0,0,0,0,0,0,2,3,0,0,6,0,2,0,0,0,8,0,3,0,0,0,0,0,0,0,0,0,0,16,0,0,0,1,1,3,11,0,0,0,0,0,5,0,0,0,3,3,0,107,0,4,8,0,0,0,1,1,0,0,0,0,0,1,0,0,0,0,0,2,0,0,0,0
2021-02-01,0,0,0,0,0,1,0,0,8,0,0,0,2,0,0,0,0,0,0,1,0,1,2,0,0,0,0,7,3,0,0,0,0,0,0,0,0,0,0,0,33,0,0,0,0,0,0,0,0,0,4,0,0,0,0,0,0,1,0,0,0,0,0,0,0,0,0,0,0,0,0,0,0,0,2,3,0,0,6,1,3,0,0,0,11,0,0,0,0,0,0,0,1,0,0,0,2,15,0,0,0,0,5,7,11,0,1,0,0,0,4,0,0,0,0,1,0,96,0,4,9,0,0,0,0,0,0,0,0,0,0,0,0,1,1,0,0,2,0,0,0,0
2021-03-01,0,0,0,1,1,1,0,0,13,0,0,0,3,0,0,0,1,0,0,0,0,4,2,0,0,0,0,4,0,0,0,0,0,0,0,0,0,0,0,1,37,0,0,0,0,0,0,0,0,0,1,0,0,0,0,0,0,5,1,0,0,0,0,0,0,0,0,0,0,0,0,0,0,0,0,6,0,0,7,0,0,0,0,0,6,0,2,0,0,0,0,0,3,0,0,0,0,16,0,0,0,0,1,0,9,0,0,0,0,0,4,1,0,0,0,1,0,94,0,1,4,0,0,0,0,1,0,0,0,0,0,0,1,3,2,0,0,4,0,0,0,0
2021-04-01,0,0,0,0,0,1,0,0,8,0,0,0,1,0,0,0,0,0,0,1,0,4,2,0,0,0,2,1,2,1,0,0,0,0,0,0,0,0,0,0,45,0,0,0,0,0,0,0,0,0,2,0,0,0,0,0,0,2,0,0,0,0,1,0,0,0,0,0,0,0,0,0,0,0,2,9,0,0,7,0,0,0,0,0,5,0,1,0,0,0,0,0,0,0,0,0,2,12,0,0,0,0,3,4,8,0,0,0,0,0,2,0,0,0,0,2,0,96,0,3,5,0,0,0,0,0,0,0,0,0,0,0,0,0,3,0,0,3,1,0,0,0
2021-05-01,0,0,0,1,0,1,0,0,4,0,0,0,0,0,0,0,0,0,0,0,0,5,3,0,0,0,1,3,2,0,0,0,0,0,0,0,0,0,1,0,42,0,0,0,0,0,0,0,0,0,2,0,0,0,0,0,0,1,0,2,0,0,0,0,0,0,0,0,0,0,0,0,0,0,3,6,0,0,5,0,1,0,0,0,8,0,2,0,0,0,0,0,0,0,0,0,2,15,0,0,0,0,1,5,3,0,0,0,0,0,5,0,0,0,0,0,0,88,0,3,0,0,0,0,0,0,0,0,0,0,0,0,0,1,1,0,0,6,0,0,0,0
2021-06-01,0,0,0,1,0,2,0,0,4,0,0,0,1,0,0,0,0,0,1,1,0,8,2,0,0,0,1,2,11,1,0,0,0,0,0,0,0,0,0,0,34,0,0,0,0,1,0,0,0,0,2,0,0,0,0,0,0,2,0,0,0,0,0,0,0,0,0,0,0,0,0,0,0,0,3,5,0,0,5,0,2,0,0,0,5,0,1,0,0,0,0,0,0,0,0,0,0,21,0,0,0,0,2,5,7,0,0,0,0,0,5,1,0,0,0,0,0,99,0,1,5,0,0,0,0,0,0,0,0,0,0,0,1,0,0,0,0,1,1,0,0,0
2021-07-01,0,0,0,2,0,3,0,0,5,0,0,0,0,0,0,0,1,0,0,1,0,1,0,0,0,0,0,5,1,0,0,1,0,0,0,0,0,0,0,0,29,0,0,0,0,0,0,0,0,0,0,0,0,0,0,0,0,1,0,1,0,0,0,0,0,0,0,0,0,0,0,0,0,0,1,8,0,0,5,0,0,0,0,0,6,0,1,0,0,0,0,0,0,0,0,0,0,18,0,0,0,0,0,3,4,0,0,0,0,0,2,2,0,0,0,1,0,100,0,2,4,0,0,0,0,0,0,0,0,0,0,0,1,3,1,0,0,1,0,0,0,0
2021-08-01,0,0,0,1,0,5,0,0,9,0,0,0,0,0,0,0,1,0,0,1,0,3,2,0,0,0,1,1,3,0,0,0,0,1,0,0,0,0,0,2,26,0,0,0,0,0,0,0,0,0,3,0,0,0,0,0,0,2,0,0,0,0,0,0,0,0,0,0,0,0,0,0,0,1,2,1,0,0,7,0,0,0,0,0,2,1,1,0,0,0,0,0,0,0,0,0,1,20,0,0,0,0,0,3,11,0,0,0,0,0,4,0,0,0,1,0,0,88,0,5,5,0,0,0,0,0,0,0,0,0,0,0,0,1,0,0,0,1,0,0,0,0
2021-09-01,0,0,0,1,0,3,0,0,12,0,0,0,0,0,0,0,0,0,0,1,2,3,0,0,0,0,0,0,6,0,0,0,0,0,0,0,0,0,0,2,37,0,0,0,0,0,0,0,0,0,3,0,0,0,0,0,0,0,0,0,0,0,0,0,0,0,0,0,0,0,0,0,0,0,2,4,0,0,3,0,2,0,0,0,8,0,3,0,0,0,1,0,0,0,0,0,0,17,0,0,0,2,0,2,9,0,0,0,0,0,1,1,0,0,0,3,0,84,0,5,2,0,0,0,0,0,0,0,0,0,0,0,0,3,0,0,0,3,0,0,0,0
2021-10-01,0,0,0,1,0,2,0,1,7,0,1,0,0,0,0,0,0,0,1,0,0,1,0,0,0,0,1,1,6,1,0,1,0,0,0,0,0,0,0,0,31,0,0,0,0,0,0,0,0,1,3,0,0,0,0,0,0,0,0,1,0,0,0,0,0,0,0,0,0,0,0,0,0,0,6,7,0,0,6,0,0,0,0,0,8,0,3,0,0,0,0,0,0,0,0,0,3,23,0,0,0,0,2,3,9,0,0,0,0,0,8,0,0,0,0,2,0,83,0,9,4,0,0,0,0,0,0,0,0,0,0,0,1,0,1,0,0,2,0,0,0,0
2021-11-01,0,0,0,1,0,3,0,0,12,0,0,0,0,0,0,0,1,0,0,0,1,3,1,0,0,0,0,5,4,0,0,0,0,0,0,0,0,0,0,0,27,0,0,0,0,0,0,0,0,0,1,0,1,0,0,0,0,1,0,1,0,0,0,0,0,0,0,0,0,1,0,0,0,0,3,5,0,0,5,0,1,0,0,0,8,0,0,0,0,0,0,0,0,0,0,0,0,19,0,0,0,0,0,1,8,0,0,0,0,0,2,0,0,0,0,2,0,55,0,4,2,0,0,0,0,0,0,0,0,0,0,0,0,2,2,0,0,2,0,0,0,0
2021-12-01,0,0,0,2,0,2,0,0,4,0,0,0,0,0,0,0,0,0,0,1,0,4,0,0,0,0,3,1,2,0,0,0,0,0,0,0,0,0,0,0,38,0,0,0,0,0,0,0,0,0,2,0,0,0,0,0,0,3,0,2,0,0,0,0,0,0,0,0,0,0,0,0,0,1,1,6,0,0,6,0,1,0,0,0,4,0,0,0,0,0,0,0,0,0,0,0,1,6,0,0,0,0,1,1,9,0,0,0,0,0,0,0,0,0,1,3,0,59,0,2,5,0,0,0,0,0,0,0,0,0,0,0,0,3,0,0,0,2,0,0,0,0
2022-01-01,0,0,0,0,0,1,0,0,4,0,0,0,0,0,0,0,0,0,0,3,0,0,0,0,0,0,0,4,1,0,0,0,0,0,0,0,0,0,0,0,11,0,0,0,0,0,0,0,0,0,0,0,0,0,0,0,0,3,0,0,0,0,0,0,0,0,0,1,0,0,0,0,0,0,3,2,0,0,6,0,0,0,0,0,6,0,1,0,0,0,0,0,0,0,0,0,1,9,0,0,0,0,0,1,2,0,0,0,0,0,2,0,0,0,0,1,0,79,0,4,3,0,0,0,0,0,0,0,0,0,0,0,0,1,0,0,0,0,0,0,0,0
2022-02-01,0,0,0,1,0,3,0,0,7,0,0,0,0,0,0,0,0,0,0,4,0,1,1,0,0,0,0,2,0,2,1,0,0,0,0,0,0,0,0,2,34,0,0,0,0,0,0,0,0,0,2,0,0,0,0,0,0,0,0,0,0,0,0,0,0,0,0,0,0,0,0,0,0,0,0,3,0,0,5,0,4,0,0,0,3,0,2,0,0,0,0,0,0,0,0,0,0,17,0,0,0,0,0,1,11,0,0,0,0,0,2,0,0,0,0,2,0,80,0,4,2,0,0,0,0,0,0,0,0,0,0,0,0,1,0,0,0,1,0,0,0,0
2022-03-01,0,0,0,1,0,2,0,0,6,0,0,0,0,0,0,0,0,0,0,1,0,1,0,0,0,0,0,0,0,1,0,0,0,0,0,0,0,0,0,2,39,0,0,0,0,0,0,0,0,0,3,0,0,0,0,0,0,2,0,0,0,0,0,0,0,0,0,0,0,0,0,0,0,0,0,2,0,0,4,0,1,0,0,0,9,0,1,0,0,0,0,0,0,0,0,0,1,14,0,0,0,0,2,2,9,0,0,0,0,0,1,1,0,0,1,0,0,85,0,4,6,0,0,0,1,0,0,0,0,0,0,0,0,1,1,0,0,2,0,0,0,0
2022-04-01,0,0,0,0,0,1,0,0,9,0,0,0,0,0,0,0,0,0,0,2,0,1,0,0,0,0,0,1,4,0,0,0,0,1,0,0,0,0,0,1,30,0,0,0,0,0,0,0,0,2,1,0,0,0,0,0,0,0,0,0,0,0,0,0,0,0,0,0,0,0,0,1,0,0,3,4,0,0,9,0,0,0,0,0,5,0,0,0,0,0,0,0,0,0,0,0,0,11,0,0,0,1,0,7,5,0,0,0,0,0,1,0,0,0,0,2,0,62,0,3,1,0,0,0,0,0,0,0,0,0,0,0,2,1,0,0,0,0,0,0,0,0
2022-05-01,0,0,0,1,0,0,0,0,2,0,0,0,0,0,0,0,0,0,0,1,0,0,0,0,0,0,0,2,1,0,0,0,0,0,0,0,0,0,0,0,6,0,0,0,0,0,0,0,0,0,0,0,0,0,0,0,0,0,0,0,0,0,0,0,0,0,0,0,0,0,0,0,0,0,0,0,0,0,0,0,0,0,0,0,1,0,0,0,0,0,0,0,0,0,0,0,0,0,0,0,0,0,0,0,1,0,0,0,0,0,1,0,0,0,0,0,0,14,0,1,1,0,0,0,0,0,0,0,0,0,0,0,0,0,0,0,0,0,0,0,0,0
